experiment_id,scenario_id,replication,policy,K,demand_multiplier,service_time_mean,mean_response_time,p90_response_time,p95_response_time,coverage_6min,coverage_8min,coverage_10min,mean_utilization,max_utilization,mean_queue_length,max_queue_length,queue_fraction,total_incidents,incidents_queued,random_seed
exp1_policy_comparison,P0_K20,0,P0,20,1.0,25.0,3.155871364135495,5.093761038327216,5.093761038327216,0.9411764705882353,0.9948096885813149,1.0,0.07544398320061926,0.16666593088450243,0.0,0,0.0,578,0,42
exp1_policy_comparison,P0_K20,1,P0,20,1.0,25.0,3.1799568515571823,5.093761038327216,5.093761038327216,0.9439252336448598,0.9981308411214953,1.0,0.07073966066749697,0.17719708252054542,0.0,0,0.0,535,0,43
exp1_policy_comparison,P0_K20,2,P0,20,1.0,25.0,3.192969738418067,5.7257439034056645,5.7257439034056645,0.9380530973451328,0.9982300884955753,1.0,0.07611091647130369,0.15644208171374205,0.0,0,0.0,565,0,44
exp1_policy_comparison,P0_K20,3,P0,20,1.0,25.0,3.100778935894183,5.093761038326704,5.093761038326704,0.9499165275459098,0.998330550918197,0.998330550918197,0.07918752395975388,0.13573579413095582,0.0,0,0.0,599,0,45
exp1_policy_comparison,P0_K20,4,P0,20,1.0,25.0,3.240873114856975,5.543699123328196,5.543699123328196,0.9306759098786829,0.9948006932409013,0.9982668977469671,0.07571223446374577,0.1518996408966841,0.0,0,0.0,577,0,46
exp1_policy_comparison,P0_K20,5,P0,20,1.0,25.0,3.0687726697582542,5.00432402632788,5.00432402632788,0.9506398537477148,0.9981718464351006,1.0,0.07098787748583871,0.1410974375782281,0.0,0,0.0,547,0,47
exp1_policy_comparison,P0_K20,6,P0,20,1.0,25.0,3.035824368148649,4.540874724738728,4.540874724738728,0.959409594095941,0.996309963099631,1.0,0.07202414913267541,0.12729910780913029,0.0,0,0.0,542,0,48
exp1_policy_comparison,P0_K20,7,P0,20,1.0,25.0,3.2106408238992885,5.458405857989274,5.458405857989274,0.9425087108013938,0.9965156794425087,1.0,0.0785017707038144,0.15429280557474948,0.0,0,0.0,574,0,49
exp1_policy_comparison,P0_K20,8,P0,20,1.0,25.0,3.1827064869304724,5.453563148573883,5.453563148573883,0.9398496240601504,0.9962406015037594,0.9962406015037594,0.07114348976050981,0.13709355304625034,0.0,0,0.0,532,0,50
exp1_policy_comparison,P0_K20,9,P0,20,1.0,25.0,3.033534014845977,4.945668158688932,4.945668158688932,0.9618874773139746,1.0,1.0,0.07388138535557355,0.1417097472733438,0.0,0,0.0,551,0,51
exp1_policy_comparison,P0_K20,10,P0,20,1.0,25.0,3.119031009889125,5.093761038327216,5.093761038327216,0.9456342668863262,0.9967051070840197,1.0,0.08051979771257678,0.1872278996356866,0.0,0,0.0,607,0,52
exp1_policy_comparison,P0_K20,11,P0,20,1.0,25.0,3.3187831115472175,5.892374602399144,5.892374602399144,0.9114139693356048,0.9965928449744463,0.9982964224872232,0.07930071537448,0.1604908497380617,0.0,0,0.0,587,0,53
exp1_policy_comparison,P0_K20,12,P0,20,1.0,25.0,3.160793644898161,5.093761038327216,5.093761038327216,0.9424860853432282,0.9981447124304267,1.0,0.0714237973760222,0.13617530815290374,0.0,0,0.0,539,0,54
exp1_policy_comparison,P0_K20,13,P0,20,1.0,25.0,3.1438254935694276,5.358220455243316,5.358220455243316,0.9407665505226481,0.9965156794425087,0.9965156794425087,0.07563464707327755,0.15946117947520996,0.0,0,0.0,574,0,55
exp1_policy_comparison,P0_K20,14,P0,20,1.0,25.0,3.057361103022321,5.0214532528379365,5.0214532528379365,0.9560632688927944,0.9947275922671354,0.9982425307557118,0.07624536307694597,0.15333281076517608,0.0,0,0.0,569,0,56
exp1_policy_comparison,P0_K20,15,P0,20,1.0,25.0,3.1572638957151793,5.892374602398718,5.892374602398718,0.9232111692844677,0.9965095986038395,1.0,0.07406263945028595,0.15635135978304518,0.0,0,0.0,573,0,57
exp1_policy_comparison,P0_K20,16,P0,20,1.0,25.0,3.168738394907047,5.132147901681007,5.132147901681007,0.9391771019677997,0.9946332737030411,0.9964221824686941,0.07407974992661656,0.14346794544054933,0.0,0,0.0,559,0,58
exp1_policy_comparison,P0_K20,17,P0,20,1.0,25.0,3.1619775543495243,5.093761038327216,5.093761038327216,0.9446366782006921,0.9982698961937716,1.0,0.07584944769892506,0.16216824647094072,0.0,0,0.0,578,0,59
exp1_policy_comparison,P0_K20,18,P0,20,1.0,25.0,3.179826738127407,5.093761038327216,5.093761038327216,0.9365853658536586,0.9967479674796748,0.9983739837398374,0.08275161741044695,0.15920731237784458,0.0,0,0.0,615,0,60
exp1_policy_comparison,P0_K20,19,P0,20,1.0,25.0,3.1453517715411294,5.657677316841194,5.657677316841194,0.9347079037800687,0.9982817869415808,0.9982817869415808,0.07542460158659572,0.1544862367394558,0.0,0,0.0,582,0,61
exp1_policy_comparison,P0_K20,20,P0,20,1.0,25.0,3.2421049082405875,5.3068485421198375,5.3068485421198375,0.9366438356164384,0.9965753424657534,1.0,0.07680889885824728,0.17407641476997263,0.0,0,0.0,584,0,62
exp1_policy_comparison,P0_K20,21,P0,20,1.0,25.0,3.1728630631894466,5.551216981268506,5.551216981268506,0.9368231046931408,0.9963898916967509,0.9981949458483754,0.07393632911225792,0.16264276043518736,0.0,0,0.0,554,0,63
exp1_policy_comparison,P0_K20,22,P0,20,1.0,25.0,3.140272902583848,5.093761038327216,5.093761038327216,0.9458041958041958,1.0,1.0,0.07756405487710684,0.14427996962274578,0.0,0,0.0,572,0,64
exp1_policy_comparison,P0_K20,23,P0,20,1.0,25.0,3.2394716884638575,5.725743903405345,5.725743903405345,0.9344827586206896,0.993103448275862,0.996551724137931,0.07971151934833184,0.18472388322333433,0.0,0,0.0,580,0,65
exp1_policy_comparison,P0_K20,24,P0,20,1.0,25.0,3.194081968499155,5.344093000378397,5.344093000378397,0.9308600337268128,0.9983136593591906,1.0,0.07904093754938829,0.15352362066144976,0.0,0,0.0,593,0,66
exp1_policy_comparison,P0_K20,25,P0,20,1.0,25.0,3.144981353574429,5.163189098530976,5.163189098530976,0.9476351351351351,0.9949324324324325,1.0,0.07893173594691819,0.14684930022143372,0.0,0,0.0,592,0,67
exp1_policy_comparison,P0_K20,26,P0,20,1.0,25.0,3.223433260923664,5.892374602399144,5.892374602399144,0.9205526770293609,0.9930915371329879,1.0,0.07734722131700421,0.14321369979796633,0.0,0,0.0,579,0,68
exp1_policy_comparison,P0_K20,27,P0,20,1.0,25.0,3.247371857492142,5.892374602398974,5.892374602398974,0.9243243243243243,1.0,1.0,0.07185371962863718,0.15593251778209474,0.0,0,0.0,555,0,69
exp1_policy_comparison,P0_K20,28,P0,20,1.0,25.0,3.2098968569553192,5.666232984379094,5.666232984379094,0.9377224199288257,0.9911032028469751,0.994661921708185,0.07407009719187654,0.14185304138638566,0.0,0,0.0,562,0,70
exp1_policy_comparison,P0_K20,29,P0,20,1.0,25.0,3.12256296391871,5.095960613489353,5.095960613489353,0.9413854351687388,0.9982238010657194,0.9982238010657194,0.07291075813221083,0.14947372123603722,0.0,0,0.0,563,0,71
exp1_policy_comparison,P1_K20,0,P1,20,1.0,25.0,2.547645528218503,3.670879940810252,3.670879940810252,0.9878892733564014,0.9982698961937716,1.0,0.0737001611115318,0.14354548539909273,0.0,0,0.0,578,0,42
exp1_policy_comparison,P1_K20,1,P1,20,1.0,25.0,2.5948372739161565,3.9911822135272814,3.9911822135272814,0.9813084112149533,0.9981308411214953,1.0,0.06918688797881659,0.14101540081533623,0.0,0,0.0,535,0,43
exp1_policy_comparison,P1_K20,2,P1,20,1.0,25.0,2.6143728555385004,3.899407070323946,3.899407070323946,0.9823008849557522,0.9982300884955753,1.0,0.07448935278664609,0.1272811897148609,0.0,0,0.0,565,0,44
exp1_policy_comparison,P1_K20,3,P1,20,1.0,25.0,2.6221208908189553,4.049102789685577,4.049102789685577,0.9833055091819699,0.998330550918197,0.998330550918197,0.07776532074050756,0.12598397287889873,0.0,0,0.0,599,0,45
exp1_policy_comparison,P1_K20,4,P1,20,1.0,25.0,2.673597916380398,3.991076752741833,3.991076752741833,0.9809358752166378,0.9965337954939342,0.9982668977469671,0.0740886343173123,0.13466673975551954,0.0,0,0.0,577,0,46
exp1_policy_comparison,P1_K20,5,P1,20,1.0,25.0,2.5802462722146413,3.9359905746631543,3.9359905746631543,0.9872029250457038,0.9981718464351006,1.0,0.06966236191313849,0.12865445982392737,0.0,0,0.0,547,0,47
exp1_policy_comparison,P1_K20,6,P1,20,1.0,25.0,2.5912326912575856,3.825942793725517,3.825942793725517,0.9871559633027523,0.9963302752293578,0.998165137614679,0.0711807645097173,0.12799661604767482,0.0,0,0.0,545,0,48
exp1_policy_comparison,P1_K20,7,P1,20,1.0,25.0,2.661372167143827,4.049102789685577,4.049102789685577,0.980836236933798,0.9982578397212544,1.0,0.0769378807783301,0.13094462988094313,0.0,0,0.0,574,0,49
exp1_policy_comparison,P1_K20,8,P1,20,1.0,25.0,2.6412060822873946,4.049102789685577,4.049102789685577,0.9756521739130435,0.991304347826087,0.9982608695652174,0.07590870652122261,0.15018898532072522,0.0,0,0.0,575,0,50
exp1_policy_comparison,P1_K20,9,P1,20,1.0,25.0,2.592400839344264,3.968834722756056,3.968834722756056,0.9797794117647058,0.9944852941176471,0.9981617647058824,0.07129401184969217,0.12655237345617662,0.0,0,0.0,544,0,51
exp1_policy_comparison,P1_K20,10,P1,20,1.0,25.0,2.595693287310761,3.998848612368988,3.998848612368988,0.9802306425041186,0.9967051070840197,1.0,0.0789440735181071,0.14798094339430826,0.0,0,0.0,607,0,52
exp1_policy_comparison,P1_K20,11,P1,20,1.0,25.0,2.778590854290296,4.678043252603145,4.678043252603145,0.9744463373083475,0.9948892674616695,0.9982964224872232,0.07772783414923282,0.13675422201500279,0.0,0,0.0,587,0,53
exp1_policy_comparison,P1_K20,12,P1,20,1.0,25.0,2.599333059149007,3.9909389523012493,3.9909389523012493,0.987012987012987,0.9981447124304267,1.0,0.06992267011551229,0.14087548158542396,0.0,0,0.0,539,0,54
exp1_policy_comparison,P1_K20,13,P1,20,1.0,25.0,2.5113564655782152,3.7394465989682146,3.7394465989682146,0.9878048780487805,0.9965156794425087,0.9965156794425087,0.07383386720191365,0.14484165739542326,0.0,0,0.0,574,0,55
exp1_policy_comparison,P1_K20,14,P1,20,1.0,25.0,2.5760809679123575,3.899407070323093,3.899407070323093,0.9789103690685413,0.9929701230228472,0.9982425307557118,0.07488698809243415,0.13167469761754455,0.0,0,0.0,569,0,56
exp1_policy_comparison,P1_K20,15,P1,20,1.0,25.0,2.6069187028739047,3.990865831171874,3.990865831171874,0.9773123909249564,0.9947643979057592,1.0,0.07249841427420431,0.1305748949123458,0.0,0,0.0,573,0,57
exp1_policy_comparison,P1_K20,16,P1,20,1.0,25.0,2.577628783458545,3.831217098124568,3.831217098124568,0.9767441860465116,0.9946332737030411,0.9964221824686941,0.07244071087503069,0.14022894743694328,0.0,0,0.0,559,0,58
exp1_policy_comparison,P1_K20,17,P1,20,1.0,25.0,2.6852084770487354,4.01392486556402,4.01392486556402,0.9636678200692042,0.9982698961937716,1.0,0.0744825204832511,0.12906400898286124,0.0,0,0.0,578,0,59
exp1_policy_comparison,P1_K20,18,P1,20,1.0,25.0,2.6328651084098933,3.9913931350974963,3.9913931350974963,0.9788617886178862,0.9983739837398374,0.9983739837398374,0.08108305886740981,0.137705198126838,0.0,0,0.0,615,0,60
exp1_policy_comparison,P1_K20,19,P1,20,1.0,25.0,2.5911627386904525,3.9911948762539566,3.9911948762539566,0.9828178694158075,0.9982817869415808,0.9982817869415808,0.07382471062866366,0.12919748818483465,0.0,0,0.0,582,0,61
exp1_policy_comparison,P1_K20,20,P1,20,1.0,25.0,2.655054122147664,4.151408306944276,4.151408306944276,0.976027397260274,0.9965753424657534,1.0,0.07510831523186695,0.144580698810854,0.0,0,0.0,584,0,62
exp1_policy_comparison,P1_K20,21,P1,20,1.0,25.0,2.5542771532387154,3.825148514483544,3.825148514483544,0.9802867383512545,0.996415770609319,1.0,0.07279911655403795,0.12250029874801595,0.0,0,0.0,558,0,63
exp1_policy_comparison,P1_K20,22,P1,20,1.0,25.0,2.6343822678968363,3.998103064641839,3.998103064641839,0.9807692307692307,1.0,1.0,0.07612869057630836,0.12354113568416429,0.0,0,0.0,572,0,64
exp1_policy_comparison,P1_K20,23,P1,20,1.0,25.0,2.6567538971310363,4.28231332350629,4.28231332350629,0.9810344827586207,0.9948275862068966,0.996551724137931,0.07803504951215602,0.15081655586601178,0.0,0,0.0,580,0,65
exp1_policy_comparison,P1_K20,24,P1,20,1.0,25.0,2.625552625793523,3.9912876743117067,3.9912876743117067,0.9747048903878583,0.9983136593591906,1.0,0.0773686265363702,0.16188551158905348,0.0,0,0.0,593,0,66
exp1_policy_comparison,P1_K20,25,P1,20,1.0,25.0,2.6225971791134883,3.899407070323946,3.899407070323946,0.9798657718120806,0.9949664429530202,1.0,0.07813438721544078,0.13253775099080195,0.0,0,0.0,596,0,67
exp1_policy_comparison,P1_K20,26,P1,20,1.0,25.0,2.6403090133220912,3.998848612368988,3.998848612368988,0.9827288428324698,0.9913644214162349,1.0,0.07567247459398177,0.13476924761258202,0.0,0,0.0,579,0,68
exp1_policy_comparison,P1_K20,27,P1,20,1.0,25.0,2.6352765518724737,3.998848612368988,3.998848612368988,0.9801801801801802,1.0,1.0,0.07016863582596397,0.13001958608783631,0.0,0,0.0,555,0,69
exp1_policy_comparison,P1_K20,28,P1,20,1.0,25.0,2.6964227757884984,4.0440773719539305,4.0440773719539305,0.9679715302491103,0.9893238434163701,0.998220640569395,0.072638686310846,0.12279848617953604,0.0,0,0.0,562,0,70
exp1_policy_comparison,P1_K20,29,P1,20,1.0,25.0,2.562750958493679,3.899407070323946,3.899407070323946,0.9845360824742269,1.0,1.0,0.07404871225357498,0.13040615894204183,0.0,0,0.0,582,0,71
exp1_policy_comparison,P2_K20,0,P2,20,1.0,25.0,2.5039036074471404,3.642126530905898,3.642126530905898,0.9878892733564014,0.9982698961937716,1.0,0.07357475024741553,0.14354548539909273,0.0,0,0.0,578,0,42
exp1_policy_comparison,P2_K20,1,P2,20,1.0,25.0,2.5034459048495434,3.5670076980009355,3.5670076980009355,0.983177570093458,0.9981308411214953,1.0,0.06894435631983525,0.14101540081533623,0.0,0,0.0,535,0,43
exp1_policy_comparison,P2_K20,2,P2,20,1.0,25.0,2.563743777061885,3.739446598968641,3.739446598968641,0.9787610619469026,0.9982300884955753,1.0,0.07434746077603456,0.12573782004435874,0.0,0,0.0,565,0,44
exp1_policy_comparison,P2_K20,3,P2,20,1.0,25.0,2.5668869628612434,3.8076808436126734,3.8076808436126734,0.9849749582637729,0.998330550918197,0.998330550918197,0.07760120802797449,0.1328284269799398,0.0,0,0.0,599,0,45
exp1_policy_comparison,P2_K20,4,P2,20,1.0,25.0,2.6155047565449974,3.803399027242449,3.803399027242449,0.9774696707105719,0.9948006932409013,0.9982668977469671,0.07392236570012468,0.1283240689015598,0.0,0,0.0,577,0,46
exp1_policy_comparison,P2_K20,5,P2,20,1.0,25.0,2.5358763322880384,3.684507814729304,3.684507814729304,0.9872029250457038,0.9981718464351006,1.0,0.06954197323684956,0.12865445982392737,0.0,0,0.0,547,0,47
exp1_policy_comparison,P2_K20,6,P2,20,1.0,25.0,2.474059513111044,3.5398206839644177,3.5398206839644177,0.9926605504587156,0.998165137614679,1.0,0.07086400170173188,0.13034025205878236,0.0,0,0.0,545,0,48
exp1_policy_comparison,P2_K20,7,P2,20,1.0,25.0,2.5960184260206116,3.7312622821634007,3.7312622821634007,0.9843205574912892,0.9982578397212544,1.0,0.07675180415429873,0.14132363486916977,0.0,0,0.0,574,0,49
exp1_policy_comparison,P2_K20,8,P2,20,1.0,25.0,2.5110606772420465,3.6421265309061113,3.6421265309061113,0.9793233082706767,0.9962406015037594,0.9962406015037594,0.06937109109605427,0.11439242196553388,0.0,0,0.0,532,0,50
exp1_policy_comparison,P2_K20,9,P2,20,1.0,25.0,2.5341044524704124,3.6181505099211213,3.6181505099211213,0.9816176470588235,0.9944852941176471,0.9981617647058824,0.07113670413908023,0.13192242492773903,0.0,0,0.0,544,0,51
exp1_policy_comparison,P2_K20,10,P2,20,1.0,25.0,2.517822812700924,3.6444402992626057,3.6444402992626057,0.9884868421052632,0.9967105263157895,1.0,0.07884737783964753,0.14933846468574613,0.0,0,0.0,608,0,52
exp1_policy_comparison,P2_K20,11,P2,20,1.0,25.0,2.7261923888113584,4.035641844981,4.035641844981,0.969335604770017,0.9948892674616695,0.9982964224872232,0.07757526520460914,0.13199256747444169,0.0,0,0.0,587,0,53
exp1_policy_comparison,P2_K20,12,P2,20,1.0,25.0,2.538379677998697,3.803399027242449,3.803399027242449,0.9833024118738405,0.9981447124304267,1.0,0.06975970447840904,0.1106124521506355,0.0,0,0.0,539,0,54
exp1_policy_comparison,P2_K20,13,P2,20,1.0,25.0,2.535092402741945,3.7394465989682146,3.7394465989682146,0.9843205574912892,0.9947735191637631,0.9965156794425087,0.0739014486896715,0.14484165739542326,0.0,0,0.0,574,0,55
exp1_policy_comparison,P2_K20,14,P2,20,1.0,25.0,2.537282076160084,3.661293191803025,3.661293191803025,0.9824253075571178,0.9929701230228472,0.9982425307557118,0.07477748129974052,0.13048289147571818,0.0,0,0.0,569,0,56
exp1_policy_comparison,P2_K20,15,P2,20,1.0,25.0,2.5706493070393845,3.7394465989686196,3.7394465989686196,0.9790575916230366,0.9965095986038395,1.0,0.07239532715211514,0.1325397014335931,0.0,0,0.0,573,0,57
exp1_policy_comparison,P2_K20,16,P2,20,1.0,25.0,2.58503456797,3.8994070703234343,3.8994070703234343,0.9803220035778175,0.9964221824686941,0.9964221824686941,0.0724612457636314,0.16013683393129174,0.0,0,0.0,559,0,58
exp1_policy_comparison,P2_K20,17,P2,20,1.0,25.0,2.601548190824117,3.888702303127972,3.888702303127972,0.9826989619377162,1.0,1.0,0.07424266113088093,0.12487599942193055,0.0,0,0.0,578,0,59
exp1_policy_comparison,P2_K20,18,P2,20,1.0,25.0,2.6350597058069707,3.9908658311716607,3.9908658311716607,0.9739837398373984,0.9983739837398374,0.9983739837398374,0.08108975369577887,0.1440837400171308,0.0,0,0.0,615,0,60
exp1_policy_comparison,P2_K20,19,P2,20,1.0,25.0,2.540706924246181,3.649067835974506,3.649067835974506,0.9828178694158075,0.9982817869415808,0.9982817869415808,0.0736790494976787,0.14050223719093108,0.0,0,0.0,582,0,61
exp1_policy_comparison,P2_K20,20,P2,20,1.0,25.0,2.551562807569956,3.6475253237372276,3.6475253237372276,0.9828767123287672,1.0,1.0,0.07480851896344742,0.14388456619984075,0.0,0,0.0,584,0,62
exp1_policy_comparison,P2_K20,21,P2,20,1.0,25.0,2.5445074576067697,3.671322551325191,3.671322551325191,0.9838709677419355,0.996415770609319,1.0,0.07277207543219955,0.1481649689781157,0.0,0,0.0,558,0,63
exp1_policy_comparison,P2_K20,22,P2,20,1.0,25.0,2.586142905285069,3.86890783248549,3.86890783248549,0.986013986013986,1.0,1.0,0.07599182095619961,0.14827634827305905,0.0,0,0.0,572,0,64
exp1_policy_comparison,P2_K20,23,P2,20,1.0,25.0,2.6184792071786323,3.8099965103820925,3.8099965103820925,0.9758620689655172,0.9948275862068966,0.996551724137931,0.07792493383669771,0.15081655586601178,0.0,0,0.0,580,0,65
exp1_policy_comparison,P2_K20,24,P2,20,1.0,25.0,2.559335020759864,3.7394465989682146,3.7394465989682146,0.9797639123102867,0.9983136593591906,1.0,0.07717384955330993,0.17587331310897628,0.0,0,0.0,593,0,66
exp1_policy_comparison,P2_K20,25,P2,20,1.0,25.0,2.5929604880034396,3.899407070323093,3.899407070323093,0.9781879194630873,0.9949664429530202,1.0,0.07804677080719877,0.13160751355037625,0.0,0,0.0,596,0,67
exp1_policy_comparison,P2_K20,26,P2,20,1.0,25.0,2.656150838366733,3.899407070323946,3.899407070323946,0.9689119170984456,0.9930915371329879,1.0,0.07571797269269628,0.13637109460055402,0.0,0,0.0,579,0,68
exp1_policy_comparison,P2_K20,27,P2,20,1.0,25.0,2.5534294493354524,3.6498390920939983,3.6498390920939983,0.9837837837837838,1.0,1.0,0.06994331270142011,0.12668628231996082,0.0,0,0.0,555,0,69
exp1_policy_comparison,P2_K20,28,P2,20,1.0,25.0,2.626029820007515,3.7995783261358738,3.7995783261358738,0.9768683274021353,0.9928825622775801,0.998220640569395,0.07244245197975022,0.12279848617953604,0.0,0,0.0,562,0,70
exp1_policy_comparison,P2_K20,29,P2,20,1.0,25.0,2.518447022849828,3.7394465989686196,3.7394465989686196,0.9896907216494846,1.0,1.0,0.07392081101079363,0.13880766507734052,0.0,0,0.0,582,0,71
