mean_response_time,p90_response_time,coverage_6min,coverage_8min,mean_utilization,max_utilization,mean_queue_length,max_queue_length,queue_fraction,total_incidents,incidents_queued,cbd_mean_rt,cbd_coverage_6min,cbd_coverage_8min,non_cbd_mean_rt,non_cbd_coverage_6min,non_cbd_coverage_8min,random_seed,experiment_id,scenario_id,replication,policy,K,scenario_type
3.2801777885837002,5.434663728848369,0.9364406779661016,0.9936440677966102,0.12385433034881062,0.25576221682324624,0.0,0,0.0,944,0,2.8363410949600336,0.9980430528375733,1.0,3.8039665886799896,0.8637413394919169,0.9861431870669746,42,cbd_robustness,A_cbdsurge_P0,0,P0,20,cbd_surge
3.2516958950311614,5.892374602398718,0.9269729093050648,0.9941107184923439,0.11243166543044263,0.19848590378733477,0.0,0,0.0,849,0,2.8181032993193584,0.9979919678714859,1.0,3.8668785521949163,0.8262108262108262,0.9857549857549858,43,cbd_robustness,A_cbdsurge_P0,1,P0,20,cbd_surge
3.3543731481614616,5.892374602399144,0.9138858988159311,0.9870828848223897,0.12614167128231554,0.2233865965442261,0.0,0,0.0,929,0,2.8060685177639857,0.9925512104283054,1.0,4.105494542353922,0.8061224489795918,0.9693877551020408,44,cbd_robustness,A_cbdsurge_P0,2,P0,20,cbd_surge
3.1899001869419243,5.385265389323193,0.9345692475463467,0.9934569247546347,0.1213486688395435,0.1932817664782235,0.0,0,0.0,917,0,2.8137033283598747,0.9961977186311787,1.0,3.695985986466627,0.8516624040920716,0.9846547314578005,45,cbd_robustness,A_cbdsurge_P0,3,P0,20,cbd_surge
3.2739245618272133,5.5860451829001345,0.9338159255429163,0.9937952430196484,0.1282722168272566,0.24432619485748383,0.0,0,0.0,967,0,2.875040582890762,0.99812734082397,1.0,3.765850762178402,0.8545034642032333,0.9861431870669746,46,cbd_robustness,A_cbdsurge_P0,4,P0,20,cbd_surge
3.306516248101177,5.723354243445001,0.926829268292683,0.9933481152993349,0.11771155337559161,0.21448195764616948,0.0,0,0.0,902,0,2.8804455977355787,0.9981167608286252,0.9981167608286252,3.916337044177007,0.8247978436657682,0.9865229110512129,47,cbd_robustness,A_cbdsurge_P0,5,P0,20,cbd_surge
3.2699437870824273,5.348748557660712,0.9429824561403509,0.9956140350877193,0.12281164884840898,0.2274811972733834,0.0,0,0.0,912,0,2.85653375164873,0.99812734082397,1.0,3.853967487933205,0.8650793650793651,0.9894179894179894,48,cbd_robustness,A_cbdsurge_P0,6,P0,20,cbd_surge
3.308288304768234,5.725743903405345,0.9208791208791208,0.9923076923076923,0.12428701061747245,0.2487716613600788,0.0,0,0.0,910,0,2.836889396583678,0.993963782696177,1.0,3.875564956990325,0.8329297820823245,0.9830508474576272,49,cbd_robustness,A_cbdsurge_P0,7,P0,20,cbd_surge
3.2069938774657794,5.281127691850317,0.9383938393839384,0.9966996699669967,0.12148045733857063,0.24574885102661018,0.0,0,0.0,909,0,2.7940686964921713,1.0,1.0,3.744319302833967,0.8582278481012658,0.9924050632911392,50,cbd_robustness,A_cbdsurge_P0,8,P0,20,cbd_surge
3.3015503017139265,5.892374602398718,0.9217577706323687,0.9967845659163987,0.1252046469941565,0.2425013561312135,0.0,0,0.0,933,0,2.8351435048012545,0.9960552268244576,1.0,3.856640081138163,0.8333333333333334,0.9929577464788732,51,cbd_robustness,A_cbdsurge_P0,9,P0,20,cbd_surge
3.344778464630304,5.8923746023995704,0.9097744360902256,0.9892588614393125,0.122499818099576,0.25194468715115415,0.0,0,0.0,931,0,2.820389748950349,0.9919028340080972,1.0,3.9375657084424276,0.816933638443936,0.977116704805492,52,cbd_robustness,A_cbdsurge_P0,10,P0,20,cbd_surge
3.2612846300289977,5.892374602398718,0.9253731343283582,0.9919632606199771,0.11520256531657332,0.19178334191022808,0.0,0,0.0,871,0,2.816982304697661,0.9916317991631799,0.99581589958159,3.801682878141922,0.8447837150127226,0.9872773536895675,53,cbd_robustness,A_cbdsurge_P0,11,P0,20,cbd_surge
3.306417099570405,5.892374602398718,0.9305711086226204,0.9910414333706606,0.1175747337172213,0.23442359367232116,0.0,0,0.0,893,0,2.808901697773935,0.9978632478632479,1.0,3.8542693537839283,0.8564705882352941,0.9811764705882353,54,cbd_robustness,A_cbdsurge_P0,12,P0,20,cbd_surge
3.3004767588994017,5.6503015501602265,0.929608938547486,0.9910614525139665,0.11867510070128491,0.21677402636756224,0.0,0,0.0,895,0,2.8267225292232645,0.9957716701902748,1.0,3.8314856466643623,0.8554502369668247,0.981042654028436,55,cbd_robustness,A_cbdsurge_P0,13,P0,20,cbd_surge
3.2545835103280343,5.4548606629194865,0.9354166666666667,0.9947916666666666,0.12872232828553803,0.23390068764264876,0.0,0,0.0,960,0,2.7856783672019336,0.994328922495274,0.996219281663516,3.830107456299514,0.8631090487238979,0.9930394431554525,56,cbd_robustness,A_cbdsurge_P0,14,P0,20,cbd_surge
3.254341803186137,5.697702562435495,0.9375722543352601,0.9942196531791907,0.11369018507999498,0.18778878873673902,0.0,0,0.0,865,0,2.797625683810453,1.0,1.0,3.802865997449045,0.8625954198473282,0.9872773536895675,57,cbd_robustness,A_cbdsurge_P0,15,P0,20,cbd_surge
3.2694875386866573,5.892374602399144,0.9155092592592593,0.9953703703703703,0.11578645295730858,0.21219979297141944,0.0,0,0.0,864,0,2.825268113643619,0.9934065934065934,1.0,3.7636680726587426,0.8288508557457213,0.9902200488997555,58,cbd_robustness,A_cbdsurge_P0,16,P0,20,cbd_surge
3.299965052898516,5.874067121579287,0.9252450980392157,0.9926470588235294,0.10703766684402545,0.20791251722596518,0.0,0,0.0,816,0,2.8762884212579034,0.9937238493723849,1.0,3.899129046757134,0.8284023668639053,0.9822485207100592,59,cbd_robustness,A_cbdsurge_P0,17,P0,20,cbd_surge
3.3703242304990306,5.8923746023995704,0.9059304703476483,0.9826175869120655,0.12966417587159257,0.2743165128702789,0.0,0,0.0,978,0,2.812923645941118,0.996116504854369,1.0,3.99032704053645,0.8056155507559395,0.9632829373650108,60,cbd_robustness,A_cbdsurge_P0,18,P0,20,cbd_surge
3.315778627465328,5.537138020291792,0.9322548028311426,0.9919110212335692,0.1296404136873614,0.257536696054507,0.0,0,0.0,989,0,2.8450873865556856,0.9946996466431095,0.9982332155477032,3.9455924391789394,0.8486997635933806,0.983451536643026,61,cbd_robustness,A_cbdsurge_P0,19,P0,20,cbd_surge
3.2643795297397595,5.725743903405771,0.9268841394825647,0.9898762654668166,0.11707028810244866,0.1883172604546562,0.0,0,0.0,889,0,2.8384008203849835,0.9898167006109979,1.0,3.7898959777126113,0.8492462311557789,0.9773869346733668,62,cbd_robustness,A_cbdsurge_P0,20,P0,20,cbd_surge
3.2660219328879307,5.692132764919534,0.9288214702450408,0.9906651108518086,0.11386950979690147,0.21162242821912813,0.0,0,0.0,857,0,2.7978488980129836,0.9978632478632479,1.0,3.829273810321029,0.8457583547557841,0.9794344473007712,63,cbd_robustness,A_cbdsurge_P0,21,P0,20,cbd_surge
3.3254151040143967,5.892374602399144,0.9204188481675393,0.993717277486911,0.1271831523940319,0.2287860856464402,0.0,0,0.0,955,0,2.875930741631243,0.9925512104283054,1.0,3.9028627178894046,0.8277511961722488,0.9856459330143541,64,cbd_robustness,A_cbdsurge_P0,22,P0,20,cbd_surge
3.239005547376642,5.123553460319755,0.9346195069667739,0.9935691318327974,0.12684022511824625,0.20868368345840574,0.0,0,0.0,933,0,2.827023821047929,1.0,1.0,3.790379587124843,0.8471177944862155,0.9849624060150376,65,cbd_robustness,A_cbdsurge_P0,23,P0,20,cbd_surge
3.3144471330620235,5.892374602399144,0.919908466819222,0.9897025171624714,0.1155377512313119,0.24642380506311273,0.0,0,0.0,874,0,2.8848738646079406,0.9875518672199171,0.9937759336099585,3.8426469172326057,0.8367346938775511,0.9846938775510204,66,cbd_robustness,A_cbdsurge_P0,24,P0,20,cbd_surge
3.334558527400405,5.843629345498499,0.9247191011235955,0.9887640449438202,0.11839524112806606,0.24026270617389084,0.0,0,0.0,890,0,2.8210703650085667,0.9979757085020243,1.0,3.975122043111437,0.8333333333333334,0.9747474747474747,67,cbd_robustness,A_cbdsurge_P0,25,P0,20,cbd_surge
3.2714124862574576,5.7257439034056645,0.9325581395348838,0.9976744186046511,0.11473429240468365,0.22601762507881068,0.0,0,0.0,860,0,2.8213289288857037,0.99375,1.0,3.8399390850428303,0.8552631578947368,0.9947368421052631,68,cbd_robustness,A_cbdsurge_P0,26,P0,20,cbd_surge
3.1980292290785197,5.190441496811224,0.9332627118644068,0.9915254237288136,0.12325675985614748,0.2156925490333582,0.0,0,0.0,944,0,2.7767185843866256,0.9944649446494465,0.9981549815498155,3.7660649739118695,0.8507462686567164,0.9825870646766169,69,cbd_robustness,A_cbdsurge_P0,27,P0,20,cbd_surge
3.307499179307602,5.892374602399144,0.9188571428571428,0.9908571428571429,0.11668115392477282,0.2094906329655311,0.0,0,0.0,875,0,2.872263095239891,0.9899799599198397,0.9979959919839679,3.88511302491874,0.824468085106383,0.9813829787234043,70,cbd_robustness,A_cbdsurge_P0,28,P0,20,cbd_surge
3.243666468375319,5.725743903405686,0.9310734463276836,0.9943502824858758,0.11553433880146087,0.22231680471819165,0.0,0,0.0,885,0,2.8077869326947056,0.9980276134122288,1.0,3.8282985440104267,0.8412698412698413,0.9867724867724867,71,cbd_robustness,A_cbdsurge_P0,29,P0,20,cbd_surge
3.171367802216171,5.093761038327216,0.9377162629757786,0.9948096885813149,0.09123959152840908,0.2010205990560199,0.0,0,0.0,578,0,2.7397240573222694,0.9969230769230769,1.0,3.7258508737201943,0.8616600790513834,0.9881422924901185,42,cbd_robustness,B_cbdslow_P0,0,P0,20,cbd_slow_service
3.210604719093761,5.093761038327216,0.9420560747663551,0.9981308411214953,0.08558849829606148,0.20235076471258678,0.0,0,0.0,535,0,2.7897885348638547,1.0,1.0,3.7478168691744917,0.8680851063829788,0.9957446808510638,43,cbd_robustness,B_cbdslow_P0,1,P0,20,cbd_slow_service
3.2276630882760315,5.796145204286918,0.9292035398230089,0.9964601769911504,0.09210854436576409,0.18750104101399698,0.0,0,0.0,565,0,2.78198859716086,0.9966777408637874,1.0,3.735799534585375,0.8522727272727273,0.9924242424242424,44,cbd_robustness,B_cbdslow_P0,2,P0,20,cbd_slow_service
3.1296299684674653,5.093761038327216,0.9465776293823038,0.998330550918197,0.09585652758126093,0.1529321653543722,0.0,0,0.0,599,0,2.7858486235935196,0.9970588235294118,1.0,3.580925942433263,0.8803088803088803,0.9961389961389961,45,cbd_robustness,B_cbdslow_P0,3,P0,20,cbd_slow_service
3.2796679721024,5.772678103993283,0.9272097053726169,0.9913344887348353,0.0915818411595418,0.17685081873420175,0.0,0,0.0,577,0,2.831468973923243,1.0,1.0,3.822315035031954,0.8390804597701149,0.9808429118773946,46,cbd_robustness,B_cbdslow_P0,4,P0,20,cbd_slow_service
3.123496998383285,5.093761038326363,0.946983546617916,0.9963436928702011,0.08600410244513106,0.16968986204070977,0.0,0,0.0,547,0,2.737721017594202,0.9968253968253968,1.0,3.6472876619546706,0.8793103448275862,0.9913793103448276,47,cbd_robustness,B_cbdslow_P0,5,P0,20,cbd_slow_service
3.0956098128058405,5.0138747434231155,0.955719557195572,0.996309963099631,0.0873119095509289,0.1557539844231889,0.0,0,0.0,542,0,2.7010384499099214,1.0,1.0,3.5739269343572193,0.9020408163265307,0.9918367346938776,48,cbd_robustness,B_cbdslow_P0,6,P0,20,cbd_slow_service
3.2606150524954867,5.725743903405494,0.9390243902439024,0.9947735191637631,0.09504908893706107,0.18210200006409644,0.0,0,0.0,574,0,2.834311222961544,0.9968152866242038,1.0,3.7754589081634022,0.8692307692307693,0.9884615384615385,49,cbd_robustness,B_cbdslow_P0,7,P0,20,cbd_slow_service
3.2116625038258855,5.725743903405558,0.9340866290018832,0.9962335216572504,0.0859444262290833,0.15744978711249374,0.0,0,0.0,531,0,2.7380889894739906,0.9967213114754099,1.0,3.8507772023981337,0.8495575221238938,0.9911504424778761,50,cbd_robustness,B_cbdslow_P0,8,P0,20,cbd_slow_service
3.0548724743068667,5.021453252837915,0.9600725952813067,1.0,0.08946664492551978,0.16769274008868576,0.0,0,0.0,551,0,2.773145519932677,1.0,1.0,3.453985659670302,0.9035087719298246,1.0,51,cbd_robustness,B_cbdslow_P0,9,P0,20,cbd_slow_service
3.153414155560728,5.150185358440663,0.9406919275123559,0.9950576606260296,0.0974770365360822,0.21714245924444137,0.0,0,0.0,607,0,2.7267105267414835,1.0,1.0,3.722899383254105,0.8615384615384616,0.9884615384615385,52,cbd_robustness,B_cbdslow_P0,10,P0,20,cbd_slow_service
3.3665501326742246,5.892374602399144,0.9080068143100511,0.9948892674616695,0.09592810245065934,0.19252543348404835,0.0,0,0.0,587,0,2.846387070259388,0.996742671009772,1.0,3.936871776107635,0.8107142857142857,0.9892857142857143,53,cbd_robustness,B_cbdslow_P0,11,P0,20,cbd_slow_service
3.1751248211623504,5.132147901681007,0.9406307977736549,1.0,0.08638603294243924,0.15948778611582431,0.0,0,0.0,539,0,2.753673155025204,0.9965156794425087,1.0,3.655111440929657,0.876984126984127,1.0,54,cbd_robustness,B_cbdslow_P0,12,P0,20,cbd_slow_service
3.1773281312991233,5.48963321101234,0.9390243902439024,0.9965156794425087,0.09153865692927751,0.19034660186753904,0.0,0,0.0,574,0,2.731439884721954,1.0,1.0,3.7083095547039977,0.8664122137404581,0.9923664122137404,55,cbd_robustness,B_cbdslow_P0,13,P0,20,cbd_slow_service
3.0768276412807336,5.0214532528379365,0.9525483304042179,0.9947275922671354,0.0923084490661413,0.18551371168513836,0.0,0,0.0,569,0,2.7432863172710737,0.9969230769230769,1.0,3.5210937490804857,0.8934426229508197,0.9877049180327869,56,cbd_robustness,B_cbdslow_P0,14,P0,20,cbd_slow_service
3.2176401400457455,5.8923746023995704,0.9162303664921466,0.9947643979057592,0.08968592839239548,0.1883722744307775,0.0,0,0.0,573,0,2.7142161208737656,0.9935691318327974,1.0,3.815215979597218,0.8244274809160306,0.9885496183206107,57,cbd_robustness,B_cbdslow_P0,15,P0,20,cbd_slow_service
3.1963393895183683,5.290438806414911,0.9355992844364938,0.9910554561717353,0.08963033129978254,0.16831297555790073,0.0,0,0.0,559,0,2.784108715497553,0.9968454258675079,1.0,3.736327503834891,0.8553719008264463,0.9793388429752066,58,cbd_robustness,B_cbdslow_P0,16,P0,20,cbd_slow_service
3.1927744291858313,5.093761038327216,0.9394463667820069,0.9965397923875432,0.09177536031772558,0.18807811292195512,0.0,0,0.0,578,0,2.809073873410424,0.9968944099378882,1.0,3.6753977844970844,0.8671875,0.9921875,59,cbd_robustness,B_cbdslow_P0,17,P0,20,cbd_slow_service
3.1998979754808654,5.093761038327216,0.9317073170731708,0.9967479674796748,0.10010817475193852,0.17684236111947457,0.0,0,0.0,615,0,2.809943004304495,0.997289972899729,1.0,3.784830432245421,0.8333333333333334,0.991869918699187,60,cbd_robustness,B_cbdslow_P0,18,P0,20,cbd_slow_service
3.2659457693347407,5.892374602398718,0.9226804123711341,0.993127147766323,0.09151905202961742,0.1805854350877549,0.0,0,0.0,582,0,2.789546189216643,0.996875,1.0,3.8478078519217305,0.8320610687022901,0.9847328244274809,61,cbd_robustness,B_cbdslow_P0,19,P0,20,cbd_slow_service
3.2628131540301144,5.8590484626003105,0.9331046312178388,0.9965694682675815,0.09266130017615173,0.2065902399976419,0.0,0,0.0,583,0,2.8802879606791154,0.9937694704049844,1.0,3.7314795168761856,0.8587786259541985,0.9923664122137404,62,cbd_robustness,B_cbdslow_P0,20,P0,20,cbd_slow_service
3.1987829821103624,5.551216981268506,0.9332129963898917,0.9945848375451264,0.08945634789996239,0.1852488002369433,0.0,0,0.0,554,0,2.742140820815501,0.9966996699669967,1.0,3.7500283003268695,0.8565737051792829,0.9880478087649402,63,cbd_robustness,B_cbdslow_P0,21,P0,20,cbd_slow_service
3.198970310811696,5.270297494873176,0.9405594405594405,1.0,0.09397496873608947,0.18415557207279257,0.0,0,0.0,572,0,2.845406584731376,1.0,1.0,3.660884211013403,0.8629032258064516,1.0,64,cbd_robustness,B_cbdslow_P0,22,P0,20,cbd_slow_service
3.2821185157270083,5.892374602398718,0.9224137931034483,0.9913793103448276,0.0964789525572682,0.208337385894746,0.0,0,0.0,580,0,2.7585077050919815,0.9905956112852664,1.0,3.9220872842809293,0.8390804597701149,0.9808429118773946,65,cbd_robustness,B_cbdslow_P0,23,P0,20,cbd_slow_service
3.222043147829795,5.537138020292218,0.927487352445194,0.9966273187183811,0.09562327327682159,0.18131759521127025,0.0,0,0.0,593,0,2.802596766292927,0.9969512195121951,1.0,3.74120697101505,0.8415094339622642,0.9924528301886792,66,cbd_robustness,B_cbdslow_P0,24,P0,20,cbd_slow_service
3.168083384267148,5.274697479283319,0.9425675675675675,0.9949324324324325,0.09550933043409046,0.17459173937173075,0.0,0,0.0,592,0,2.7039737114677056,1.0,1.0,3.777227329816417,0.8671875,0.98828125,67,cbd_robustness,B_cbdslow_P0,25,P0,20,cbd_slow_service
3.248636463683559,5.892374602399144,0.918825561312608,0.9930915371329879,0.0935497640499394,0.16915733840045105,0.0,0,0.0,579,0,2.7903561016279577,1.0,1.0,3.8559959796608623,0.8112449799196787,0.9839357429718876,68,cbd_robustness,B_cbdslow_P0,26,P0,20,cbd_slow_service
3.26978959803546,5.892374602399144,0.9207207207207208,1.0,0.0868526704568144,0.18129828943981968,0.0,0,0.0,555,0,2.7192188356194036,1.0,1.0,3.876668733880432,0.8333333333333334,1.0,69,cbd_robustness,B_cbdslow_P0,27,P0,20,cbd_slow_service
3.2672822710376725,5.722318058103782,0.9359430604982206,0.9911032028469751,0.08967087249318224,0.1644747389406914,0.0,0,0.0,562,0,2.8326161756302253,0.9934640522875817,1.0,3.7868440882043863,0.8671875,0.98046875,70,cbd_robustness,B_cbdslow_P0,28,P0,20,cbd_slow_service
3.1556113678569355,5.309552097823712,0.9378330373001776,0.9964476021314387,0.0882380021990771,0.17441526430449622,0.0,0,0.0,563,0,2.7300561817524605,1.0,1.0,3.700046342792216,0.8582995951417004,0.9919028340080972,71,cbd_robustness,B_cbdslow_P0,29,P0,20,cbd_slow_service
2.787740230828994,4.558923347623818,0.9682203389830508,0.9957627118644068,0.12154847194345134,0.2072014214018252,0.0,0,0.0,944,0,2.544946986910659,0.9980430528375733,1.0,3.0742699020582522,0.9330254041570438,0.9907621247113164,42,cbd_robustness,A_cbdsurge_P1,0,P1,20,cbd_surge
2.7687207394211546,4.557010147621725,0.9733924611973392,0.9944567627494457,0.11695062853840169,0.17830729457540528,0.0,0,0.0,902,0,2.5914198046012102,0.9920318725099602,1.0,2.991233412620184,0.95,0.9875,43,cbd_robustness,A_cbdsurge_P1,1,P1,20,cbd_surge
2.853429258690382,4.895065269803752,0.9558665231431647,0.9881593110871906,0.12383325425196516,0.19663362894336822,0.0,0,0.0,929,0,2.528427147291909,0.9981378026070763,1.0,3.2986489878255365,0.8979591836734694,0.9719387755102041,44,cbd_robustness,A_cbdsurge_P1,2,P1,20,cbd_surge
2.7575033005401326,4.453184723709285,0.965103598691385,0.9923664122137404,0.11938186355764646,0.19452159264227808,0.0,0,0.0,917,0,2.5654631010628233,0.9904942965779467,1.0,3.0158489397346715,0.9309462915601023,0.9820971867007673,45,cbd_robustness,A_cbdsurge_P1,3,P1,20,cbd_surge
2.8348976501228966,4.820491599464162,0.9565667011375388,0.9937952430196484,0.12616636849581764,0.19976515541037115,0.0,0,0.0,967,0,2.5389415952603116,0.9925093632958801,1.0,3.1998873344107035,0.9122401847575058,0.9861431870669746,46,cbd_robustness,A_cbdsurge_P1,4,P1,20,cbd_surge
2.8248815865584023,4.884907519381159,0.958980044345898,0.9944567627494457,0.115556620514919,0.17869146343579842,0.0,0,0.0,902,0,2.660436260198727,0.9849340866290018,1.0,3.06024673021605,0.921832884097035,0.9865229110512129,47,cbd_robustness,A_cbdsurge_P1,5,P1,20,cbd_surge
2.780759303672731,4.688790105374888,0.9714912280701754,0.9923245614035088,0.1205986714234603,0.1962303364662692,0.0,0,0.0,912,0,2.6133930108213783,0.9887640449438202,0.99812734082397,3.0171973999230546,0.9470899470899471,0.9841269841269841,48,cbd_robustness,A_cbdsurge_P1,6,P1,20,cbd_surge
2.834122383248854,4.78593655089111,0.9615384615384616,0.9923076923076923,0.12214667833283635,0.2412728626073829,0.0,0,0.0,910,0,2.5677986031340776,0.9959758551307847,1.0,3.1546137118615514,0.9200968523002422,0.9830508474576272,49,cbd_robustness,A_cbdsurge_P1,7,P1,20,cbd_surge
2.747274129957708,4.467879570675848,0.966996699669967,0.9944994499449945,0.1194076138341815,0.20173707971451088,0.0,0,0.0,909,0,2.5187843537027246,0.9883268482490273,1.0,3.0446000666540662,0.9392405063291139,0.9873417721518988,50,cbd_robustness,A_cbdsurge_P1,8,P1,20,cbd_surge
2.7472226188669175,4.4531847237091995,0.9657020364415863,0.9946409431939979,0.1226392316762186,0.20734571319591527,0.0,0,0.0,933,0,2.5344802877730928,0.9901380670611439,0.9980276134122288,3.0004159565771737,0.9366197183098591,0.9906103286384976,51,cbd_robustness,A_cbdsurge_P1,9,P1,20,cbd_surge
2.775557774374728,4.453184723709285,0.9567627494456763,0.9889135254988913,0.11662535568537472,0.21729083966392462,0.0,0,0.0,902,0,2.5288444653942412,0.989517819706499,0.9958071278825996,3.052457182336356,0.92,0.9811764705882353,52,cbd_robustness,A_cbdsurge_P1,10,P1,20,cbd_surge
2.7656863713403883,4.724039065711452,0.9632606199770379,0.9931113662456946,0.11306136450646524,0.18869535375432706,0.0,0,0.0,871,0,2.494849563131581,0.9937238493723849,1.0,3.0951011151668766,0.926208651399491,0.9847328244274809,53,cbd_robustness,A_cbdsurge_P1,11,P1,20,cbd_surge
2.727280683212596,4.347287334968826,0.9742441209406495,0.9876819708846585,0.1150094121903982,0.20477218039896328,0.0,0,0.0,893,0,2.534693917532267,0.9935897435897436,0.9978632478632479,2.939352698126465,0.9529411764705882,0.9764705882352941,54,cbd_robustness,A_cbdsurge_P1,12,P1,20,cbd_surge
2.765832715829892,4.558923347622752,0.960482985729967,0.9879253567508233,0.11858173105341092,0.20602219170649724,0.0,0,0.0,911,0,2.507107640541649,0.9958419958419958,1.0,3.0552437884197636,0.9209302325581395,0.9744186046511628,55,cbd_robustness,A_cbdsurge_P1,13,P1,20,cbd_surge
2.8038343498658906,4.70765056047155,0.9614583333333333,0.9895833333333334,0.12657590371190872,0.23283472432704677,0.0,0,0.0,960,0,2.4953064751649556,0.9924385633270322,0.996219281663516,3.182514734359614,0.9234338747099768,0.9814385150812065,56,cbd_robustness,A_cbdsurge_P1,14,P1,20,cbd_surge
2.8097780761084006,4.777417872452787,0.9606936416184971,0.9930635838150289,0.11178270678672986,0.18613090814259353,0.0,0,0.0,865,0,2.53047409380617,0.9936440677966102,1.0,3.1452271337334725,0.9211195928753181,0.9847328244274809,57,cbd_robustness,A_cbdsurge_P1,15,P1,20,cbd_surge
2.7960656675587625,4.618558367434673,0.9571759259259259,0.9930555555555556,0.11375750208104611,0.2040781086543784,0.0,0,0.0,864,0,2.5006951770377883,0.989010989010989,0.9956043956043956,3.1246563110478665,0.921760391198044,0.9902200488997555,58,cbd_robustness,A_cbdsurge_P1,16,P1,20,cbd_surge
2.69037857593759,4.091491975881536,0.9767441860465116,0.9951040391676866,0.10476823432136403,0.18107310268252805,0.0,0,0.0,817,0,2.5676179658627407,0.9874739039665971,1.0,2.8643499730554978,0.9615384615384616,0.9881656804733728,59,cbd_robustness,A_cbdsurge_P1,17,P1,20,cbd_surge
2.8226291371367624,4.725479183323349,0.9550102249488752,0.9846625766871165,0.1270072026508172,0.2270297389048393,0.0,0,0.0,978,0,2.5022796548003625,0.996116504854369,1.0,3.1789573950271426,0.9092872570194385,0.9676025917926566,60,cbd_robustness,A_cbdsurge_P1,18,P1,20,cbd_surge
2.80417601243348,4.558923347622795,0.9696663296258847,0.9888776541961577,0.12713061712849977,0.20803527627861906,0.0,0,0.0,989,0,2.5904604547635417,0.9893992932862191,0.9946996466431095,3.0901405647767066,0.9432624113475178,0.9810874704491725,61,cbd_robustness,A_cbdsurge_P1,19,P1,20,cbd_surge
2.816545952540848,4.787764465624096,0.9606299212598425,0.9898762654668166,0.11509546642521724,0.1972833876323209,0.0,0,0.0,889,0,2.545447980427191,0.9877800407331976,0.9979633401221996,3.150990938238852,0.9271356783919598,0.9798994974874372,62,cbd_robustness,A_cbdsurge_P1,20,P1,20,cbd_surge
2.788442312947433,4.652422918510487,0.9638273045507585,0.9883313885647608,0.11183932262284883,0.17662250584040506,0.0,0,0.0,857,0,2.5065048201073195,0.9871794871794872,1.0,3.1276370344106046,0.9357326478149101,0.974293059125964,63,cbd_robustness,A_cbdsurge_P1,21,P1,20,cbd_surge
2.790895793237694,4.777417872453043,0.9633507853403142,0.9958115183246073,0.12465107927006484,0.1979785573485625,0.0,0,0.0,955,0,2.6222610282516507,0.9869646182495344,1.0,3.0075390200259844,0.9330143540669856,0.9904306220095693,64,cbd_robustness,A_cbdsurge_P1,22,P1,20,cbd_surge
2.74690020164933,4.488596202974362,0.9764201500535906,0.9946409431939979,0.12456277329501417,0.20077585365501704,0.0,0,0.0,933,0,2.5111990600170233,1.0,1.0,3.062349849848957,0.9448621553884712,0.9874686716791979,65,cbd_robustness,A_cbdsurge_P1,23,P1,20,cbd_surge
2.7257374246811783,4.15396058262229,0.9630459126539753,0.986562150055991,0.11564709726666449,0.18745037593632902,0.0,0,0.0,893,0,2.552852019404517,0.9838383838383838,0.9939393939393939,2.9407582176760223,0.9371859296482412,0.9773869346733668,66,cbd_robustness,A_cbdsurge_P1,24,P1,20,cbd_surge
2.7704594395485533,4.498971277924071,0.9617977528089887,0.9932584269662922,0.11590492273427555,0.1896218488973167,0.0,0,0.0,890,0,2.530609550788184,0.9919028340080972,1.0,3.06966611896174,0.9242424242424242,0.9848484848484849,67,cbd_robustness,A_cbdsurge_P1,25,P1,20,cbd_surge
2.748282118317757,4.496596920666898,0.9662790697674418,0.9941860465116279,0.11250268468430595,0.18429306293366685,0.0,0,0.0,860,0,2.5597664438737358,0.9854166666666667,0.9958333333333333,2.9864071807733628,0.9421052631578948,0.9921052631578947,68,cbd_robustness,A_cbdsurge_P1,26,P1,20,cbd_surge
2.7126814022975827,4.277223887200421,0.975635593220339,0.9947033898305084,0.12098409939741142,0.20049305422796812,0.0,0,0.0,944,0,2.4779441040696875,0.996309963099631,0.9981549815498155,3.0291680083660384,0.9477611940298507,0.9900497512437811,69,cbd_robustness,A_cbdsurge_P1,27,P1,20,cbd_surge
2.7841125843907215,4.635935805096096,0.9646118721461188,0.9931506849315068,0.11451718986703227,0.21587174840586482,0.0,0,0.0,876,0,2.620814296557766,0.9819639278557114,0.9939879759519038,3.0002554109919015,0.9416445623342176,0.9920424403183024,70,cbd_robustness,A_cbdsurge_P1,28,P1,20,cbd_surge
2.701963764509678,4.480954885539991,0.976271186440678,0.9954802259887006,0.11315632841990779,0.1764039657819489,0.0,0,0.0,885,0,2.49532793274642,0.9940828402366864,1.0,2.979118173779444,0.9523809523809523,0.9894179894179894,71,cbd_robustness,A_cbdsurge_P1,29,P1,20,cbd_surge
2.5863270991670717,3.899407070323946,0.9844290657439446,0.9982698961937716,0.0895622426873258,0.1724536078580932,0.0,0,0.0,578,0,2.4714040481531327,0.9907692307692307,1.0,2.7339555243826057,0.9762845849802372,0.9960474308300395,42,cbd_robustness,B_cbdslow_P1,0,P1,20,cbd_slow_service
2.6411108113997988,4.049102789686003,0.9794392523364486,0.9981308411214953,0.08407719253903624,0.16528163613982783,0.0,0,0.0,535,0,2.4828140273370125,1.0,1.0,2.843191812331016,0.9531914893617022,0.9957446808510638,43,cbd_robustness,B_cbdslow_P1,1,P1,20,cbd_slow_service
2.6480211771187436,3.9913931350974963,0.9787610619469026,0.9964601769911504,0.09048405190641942,0.15601949314660224,0.0,0,0.0,565,0,2.447341172524545,0.9933554817275747,1.0,2.8768267884174326,0.9621212121212122,0.9924242424242424,44,cbd_robustness,B_cbdslow_P1,2,P1,20,cbd_slow_service
2.671215049990423,4.269580017393309,0.9816360601001669,0.998330550918197,0.09449447135027012,0.15134271643322908,0.0,0,0.0,599,0,2.529329881834628,1.0,1.0,2.8574735718937827,0.9575289575289575,0.9961389961389961,45,cbd_robustness,B_cbdslow_P1,3,P1,20,cbd_slow_service
2.7446583631691683,4.0500807758809,0.9705372616984402,0.9930675909878682,0.09005058845937078,0.16290705295802513,0.0,0,0.0,577,0,2.4881343457671083,0.9936708860759493,1.0,3.0552391658475244,0.9425287356321839,0.9846743295019157,46,cbd_robustness,B_cbdslow_P1,4,P1,20,cbd_slow_service
2.648189408546304,4.049102789686003,0.979890310786106,0.9963436928702011,0.0847144533794523,0.1544548966558613,0.0,0,0.0,547,0,2.4648884070483787,1.0,1.0,2.8970679235111576,0.9525862068965517,0.9913793103448276,47,cbd_robustness,B_cbdslow_P1,5,P1,20,cbd_slow_service
2.6431486814911174,3.9599603219061246,0.9798165137614679,0.9926605504587156,0.08652292512179113,0.14919315279893133,0.0,0,0.0,545,0,2.3783958421024587,0.993127147766323,0.9965635738831615,2.9464678793733996,0.9645669291338582,0.9881889763779528,48,cbd_robustness,B_cbdslow_P1,6,P1,20,cbd_slow_service
2.727987928647433,4.323390579409423,0.9721254355400697,0.9982578397212544,0.09353258115388263,0.1592652191656937,0.0,0,0.0,574,0,2.5102733401713997,0.9968152866242038,1.0,2.9909201624223343,0.9423076923076923,0.9961538461538462,49,cbd_robustness,B_cbdslow_P1,7,P1,20,cbd_slow_service
2.728280566066687,4.467879570675848,0.9652173913043478,0.9895652173913043,0.09234432068420698,0.17680816430868748,0.0,0,0.0,575,0,2.5040565945368995,0.9846153846153847,1.0,3.019771729055411,0.94,0.976,50,cbd_robustness,B_cbdslow_P1,8,P1,20,cbd_slow_service
2.6455532689360486,4.0312569705788235,0.9761029411764706,0.9926470588235294,0.08666498656027358,0.15027960651155625,0.0,0,0.0,544,0,2.4510800968285587,0.9967741935483871,1.0,2.9031886678818686,0.9487179487179487,0.9829059829059829,51,cbd_robustness,B_cbdslow_P1,9,P1,20,cbd_slow_service
2.6305820292955597,4.118494269658014,0.9752883031301482,0.9967051070840197,0.0959028346479722,0.1721497204338204,0.0,0,0.0,607,0,2.4329802502257967,0.9971181556195965,1.0,2.8943044036694356,0.9461538461538461,0.9923076923076923,52,cbd_robustness,B_cbdslow_P1,10,P1,20,cbd_slow_service
2.8483497845264774,4.7774178724532135,0.9659284497444633,0.9931856899488927,0.09441925520679656,0.1701508720077907,0.0,0,0.0,587,0,2.5840151793138966,0.9837133550488599,0.996742671009772,3.138173798098843,0.9464285714285714,0.9892857142857143,53,cbd_robustness,B_cbdslow_P1,11,P1,20,cbd_slow_service
2.6581682563781586,4.008899447832364,0.9795918367346939,0.9962894248608535,0.08500389212687037,0.15740090691773828,0.0,0,0.0,539,0,2.425797212121799,0.9930313588850174,0.9965156794425087,2.922813056781235,0.9642857142857143,0.996031746031746,54,cbd_robustness,B_cbdslow_P1,12,P1,20,cbd_slow_service
2.5458448718448383,3.8206651887652336,0.9843205574912892,0.9965156794425087,0.08974068375999791,0.16599699767926518,0.0,0,0.0,574,0,2.368896927184658,1.0,1.0,2.75656150823406,0.9656488549618321,0.9923664122137404,55,cbd_robustness,B_cbdslow_P1,13,P1,20,cbd_slow_service
2.6228322962180215,4.2695800173939915,0.9771528998242531,0.9929701230228472,0.09102708323607833,0.15201479074444274,0.0,0,0.0,569,0,2.434529293310463,0.9969230769230769,0.9969230769230769,2.873645722221941,0.9508196721311475,0.9877049180327869,56,cbd_robustness,B_cbdslow_P1,14,P1,20,cbd_slow_service
2.670351242074087,4.151408306943978,0.9738219895287958,0.9930191972076788,0.08813039000679149,0.1604078098734531,0.0,0,0.0,573,0,2.4426918757757496,1.0,1.0,2.9405881234434874,0.9427480916030534,0.9847328244274809,57,cbd_robustness,B_cbdslow_P1,15,P1,20,cbd_slow_service
2.6271770082516674,3.990865831171959,0.9749552772808586,0.9928443649373881,0.08805214791125036,0.16684561180557383,0.0,0,0.0,559,0,2.4414512404233975,0.9968454258675079,1.0,2.870462414869691,0.9462809917355371,0.9834710743801653,58,cbd_robustness,B_cbdslow_P1,16,P1,20,cbd_slow_service
2.723589539415192,4.049102789686003,0.9619377162629758,0.9965397923875432,0.09043017744923627,0.1502868309635404,0.0,0,0.0,578,0,2.5246542061476704,0.9937888198757764,1.0,2.9738128882907464,0.921875,0.9921875,59,cbd_robustness,B_cbdslow_P1,17,P1,20,cbd_slow_service
2.6596394972185458,4.151408306943978,0.9772357723577236,0.9983739837398374,0.09846006481081084,0.1716242249845894,0.0,0,0.0,615,0,2.5547722493379412,0.986449864498645,1.0,2.816940369039453,0.9634146341463414,0.9959349593495935,60,cbd_robustness,B_cbdslow_P1,18,P1,20,cbd_slow_service
2.7111898291792595,4.3377548703828435,0.9742268041237113,0.993127147766323,0.08991752446428755,0.15576396909170814,0.0,0,0.0,582,0,2.4612422285810336,1.0,1.0,3.016469341360299,0.9427480916030534,0.9847328244274809,61,cbd_robustness,B_cbdslow_P1,19,P1,20,cbd_slow_service
2.6799327783956994,4.346066800830897,0.9742710120068611,0.9965694682675815,0.09097568877240732,0.1686058108145821,0.0,0,0.0,583,0,2.4901214268310934,1.0,1.0,2.9124879076027157,0.9427480916030534,0.9923664122137404,62,cbd_robustness,B_cbdslow_P1,20,P1,20,cbd_slow_service
2.5681020230527163,3.8553285043649934,0.9802513464991023,0.9964093357271095,0.08825720090150024,0.14462803966128118,0.0,0,0.0,557,0,2.3846457340821963,1.0,1.0,2.7885396192860674,0.9565217391304348,0.9920948616600791,63,cbd_robustness,B_cbdslow_P1,21,P1,20,cbd_slow_service
2.693448315801604,4.392535908112634,0.9755244755244755,0.9982517482517482,0.09254065037723144,0.1575932958007709,0.0,0,0.0,572,0,2.5851651049155073,0.9845679012345679,0.9969135802469136,2.834915091314085,0.9637096774193549,1.0,64,cbd_robustness,B_cbdslow_P1,22,P1,20,cbd_slow_service
2.7002187628312617,4.453184723708432,0.9793103448275862,0.9948275862068966,0.09480483620469111,0.17649768919386238,0.0,0,0.0,580,0,2.4765574955390393,0.9968652037617555,1.0,2.9735825339661996,0.9578544061302682,0.9885057471264368,65,cbd_robustness,B_cbdslow_P1,23,P1,20,cbd_slow_service
2.645250535794726,3.991393135097347,0.9730185497470489,0.9983136593591906,0.09392665611939696,0.19734224860014143,0.0,0,0.0,593,0,2.467282829507104,0.9969512195121951,1.0,2.8655275458412914,0.9433962264150944,0.9962264150943396,66,cbd_robustness,B_cbdslow_P1,24,P1,20,cbd_slow_service
2.661065714938008,3.9905085223660564,0.9781879194630873,0.9949664429530202,0.09491702886091782,0.15763525896777228,0.0,0,0.0,596,0,2.5612858326816887,0.9913793103448276,0.9971264367816092,2.801079420684778,0.9596774193548387,0.9919354838709677,67,cbd_robustness,B_cbdslow_P1,25,P1,20,cbd_slow_service
2.680723307533868,4.176571422995613,0.9758203799654577,0.9913644214162349,0.09191870394373561,0.15933680516826976,0.0,0,0.0,579,0,2.4418849991923985,0.996969696969697,1.0,2.9972560053358155,0.9477911646586346,0.9799196787148594,68,cbd_robustness,B_cbdslow_P1,26,P1,20,cbd_slow_service
2.673019936713261,4.378512695357021,0.9765765765765766,1.0,0.08520977778799584,0.15760527846620723,0.0,0,0.0,555,0,2.3923266211763865,0.9965635738831615,1.0,2.982420523157316,0.9545454545454546,1.0,69,cbd_robustness,B_cbdslow_P1,27,P1,20,cbd_slow_service
2.742859625892605,4.392868958760646,0.9661921708185054,0.9893238434163701,0.08820894031772823,0.14633372682904675,0.0,0,0.0,562,0,2.546633697733444,0.9803921568627451,0.9967320261437909,2.9774109306453522,0.94921875,0.98046875,70,cbd_robustness,B_cbdslow_P1,28,P1,20,cbd_slow_service
2.6326040561040416,4.1435854002043,0.9759450171821306,0.9982817869415808,0.09006486063693425,0.155586132590703,0.0,0,0.0,582,0,2.4539561148787716,0.996969696969697,1.0,2.8665477886609425,0.9484126984126984,0.996031746031746,71,cbd_robustness,B_cbdslow_P1,29,P1,20,cbd_slow_service
2.762123149008926,4.336041124533808,0.9735169491525424,0.9978813559322034,0.12142851894127797,0.2020118887331856,0.0,0,0.0,944,0,2.6434394630852966,0.9941291585127201,1.0,2.9021863441751488,0.9491916859122402,0.9953810623556582,42,cbd_robustness,A_cbdsurge_P2,0,P2,20,cbd_surge
2.68587422544243,4.025855032237189,0.9729093050647821,0.9964664310954063,0.11004881524452585,0.20279177925750513,0.0,0,0.0,849,0,2.585993656678688,0.9919678714859438,1.0,2.8275851178764575,0.9458689458689459,0.9914529914529915,43,cbd_robustness,A_cbdsurge_P2,1,P2,20,cbd_surge
2.7594071531187216,4.34960087571426,0.9709364908503767,0.9903121636167922,0.12339998770396883,0.20932373994663048,0.0,0,0.0,929,0,2.5913024225218173,0.9962756052141527,1.0,2.989693480492541,0.9362244897959183,0.9770408163265306,44,cbd_robustness,A_cbdsurge_P2,2,P2,20,cbd_surge
2.697005752380929,4.005177893953372,0.9738276990185387,0.9945474372955289,0.11910668373789454,0.18961925119173031,0.0,0,0.0,917,0,2.629861911227747,0.9885931558935361,0.9980988593155894,2.7873322496867434,0.9539641943734015,0.989769820971867,45,cbd_robustness,A_cbdsurge_P2,3,P2,20,cbd_surge
2.7307739254362478,4.151408306944148,0.9689762150982419,0.9958634953464323,0.1256669258282978,0.19965617577018419,0.0,0,0.0,967,0,2.6344158435154217,0.9868913857677902,1.0,2.849608141939067,0.9468822170900693,0.9907621247113164,46,cbd_robustness,A_cbdsurge_P2,4,P2,20,cbd_surge
2.795077887242716,4.52746439860013,0.9578713968957872,0.9977827050997783,0.1154232726142109,0.18720297629120122,0.0,0,0.0,902,0,2.7306675123425186,0.9792843691148776,1.0,2.887266321399064,0.9272237196765498,0.9946091644204852,47,cbd_robustness,A_cbdsurge_P2,5,P2,20,cbd_surge
2.7025842944031004,4.193280414857795,0.9758771929824561,0.9978070175438597,0.12024502257200245,0.19548678419223162,0.0,0,0.0,912,0,2.6617745315636405,0.9850187265917603,0.99812734082397,2.760236181589004,0.9629629629629629,0.9973544973544973,48,cbd_robustness,A_cbdsurge_P2,6,P2,20,cbd_surge
2.8015894787930953,4.469521010248933,0.9604395604395605,0.9934065934065934,0.12199982841689028,0.23963809988578944,0.0,0,0.0,910,0,2.6477611058201376,0.9899396378269618,1.0,2.9867049784724164,0.9249394673123487,0.9854721549636803,49,cbd_robustness,A_cbdsurge_P2,7,P2,20,cbd_surge
2.703665719662732,4.025855032237359,0.9724972497249725,0.9944994499449945,0.11921098662704784,0.20830488682197654,0.0,0,0.0,909,0,2.6122924651863784,0.9863813229571985,1.0,2.8225666128294318,0.9544303797468354,0.9873417721518988,50,cbd_robustness,A_cbdsurge_P2,8,P2,20,cbd_surge
2.7266341770177513,4.344212840938837,0.9646302250803859,0.9957127545551983,0.12254394885754169,0.21947411239128312,0.0,0,0.0,933,0,2.604593864699286,0.9861932938856016,0.9980276134122288,2.8718793374531084,0.9389671361502347,0.9929577464788732,51,cbd_robustness,A_cbdsurge_P2,9,P2,20,cbd_surge
2.7739867081115492,4.344212840938923,0.958980044345898,0.9878048780487805,0.11661832641072498,0.2192743827101164,0.0,0,0.0,902,0,2.6160878728952177,0.9853249475890985,0.9979035639412998,2.9512049302249377,0.9294117647058824,0.9764705882352941,52,cbd_robustness,A_cbdsurge_P2,10,P2,20,cbd_surge
2.70918103885678,4.357830988899991,0.9690011481056258,0.9942594718714122,0.11281723680510998,0.19132209624524,0.0,0,0.0,871,0,2.554912000890632,0.9895397489539749,0.997907949790795,2.896816153736726,0.9440203562340967,0.989821882951654,53,cbd_robustness,A_cbdsurge_P2,11,P2,20,cbd_surge
2.703913261444129,4.138576799517044,0.9742441209406495,0.9921612541993281,0.11490590471202897,0.22779778556532668,0.0,0,0.0,893,0,2.609987059118246,0.9893162393162394,0.9978632478632479,2.8073425854171012,0.9576470588235294,0.9858823529411764,54,cbd_robustness,A_cbdsurge_P2,12,P2,20,cbd_surge
2.699163994514151,4.269469788584956,0.9659714599341384,0.991218441273326,0.11828046515500498,0.2038207793251087,0.0,0,0.0,911,0,2.5429158019598557,0.9958419958419958,1.0,2.873943949441164,0.9325581395348838,0.9813953488372092,55,cbd_robustness,A_cbdsurge_P2,13,P2,20,cbd_surge
2.747724092779931,4.399353597527551,0.9697916666666667,0.9927083333333333,0.12630871201149943,0.20260328221738072,0.0,0,0.0,960,0,2.6015593770084555,0.9867674858223062,0.994328922495274,2.927123477102693,0.9489559164733179,0.9907192575406032,56,cbd_robustness,A_cbdsurge_P2,14,P2,20,cbd_surge
2.6610305655482267,3.9910851945597017,0.9757225433526011,0.9965317919075144,0.11114447962088389,0.17085707121960544,0.0,0,0.0,865,0,2.5746702093161287,0.9936440677966102,1.0,2.764750891608152,0.9541984732824428,0.9923664122137404,57,cbd_robustness,A_cbdsurge_P2,15,P2,20,cbd_surge
2.739794982476439,4.489671762115819,0.9571759259259259,0.9942129629629629,0.11351634200212188,0.2152670285670312,0.0,0,0.0,864,0,2.5533739431204143,0.9824175824175824,0.9956043956043956,2.9471826912954886,0.9290953545232273,0.9926650366748166,58,cbd_robustness,A_cbdsurge_P2,16,P2,20,cbd_surge
2.676663610151879,3.990865831171959,0.9755201958384333,0.9951040391676866,0.10471265333402816,0.19652897759341978,0.0,0,0.0,817,0,2.6170641956344523,0.9874739039665971,1.0,2.761125502323025,0.9585798816568047,0.9881656804733728,59,cbd_robustness,A_cbdsurge_P2,17,P2,20,cbd_surge
2.740672936888035,4.064090009374235,0.9611451942740287,0.9867075664621677,0.12660961751270586,0.218958765349057,0.0,0,0.0,978,0,2.560921865532636,0.9902912621359223,1.0,2.9406120335360493,0.9287257019438445,0.9719222462203023,60,cbd_robustness,A_cbdsurge_P2,18,P2,20,cbd_surge
2.7602959370858,4.274716217992798,0.9686868686868687,0.990909090909091,0.1270011503194373,0.22284562779094483,0.0,0,0.0,990,0,2.64037703853155,0.9893992932862191,0.9929328621908127,2.920376353552086,0.9410377358490566,0.9882075471698113,61,cbd_robustness,A_cbdsurge_P2,19,P2,20,cbd_surge
2.7547510959670745,4.316973786256824,0.9662542182227222,0.9887514060742407,0.1148229682729649,0.20808902649315025,0.0,0,0.0,889,0,2.6282908918812113,0.9837067209775967,0.9959266802443992,2.910761046233805,0.9447236180904522,0.9798994974874372,62,cbd_robustness,A_cbdsurge_P2,20,P2,20,cbd_surge
2.6389079066605388,3.899407070323946,0.9789964994165694,0.9953325554259043,0.11120365304850428,0.1756931074567753,0.0,0,0.0,857,0,2.547366896277903,0.9871794871794872,1.0,2.7490395078406786,0.9691516709511568,0.9897172236503856,63,cbd_robustness,A_cbdsurge_P2,21,P2,20,cbd_surge
2.8012833867824463,4.747527898590818,0.956020942408377,0.9968586387434555,0.12470028637242217,0.21291066897553274,0.0,0,0.0,955,0,2.7179599235540746,0.9776536312849162,1.0,2.908328123035162,0.9282296650717703,0.992822966507177,64,cbd_robustness,A_cbdsurge_P2,22,P2,20,cbd_surge
2.687693105475894,4.026505311923074,0.9764201500535906,0.9957127545551983,0.12428876426361632,0.22281813446681872,0.0,0,0.0,933,0,2.5891056404450343,0.9962546816479401,1.0,2.819637231607421,0.949874686716792,0.9899749373433584,65,cbd_robustness,A_cbdsurge_P2,23,P2,20,cbd_surge
2.7140677256009593,4.025855032237871,0.9652855543113102,0.9899216125419933,0.11559540559365541,0.18745037593632902,0.0,0,0.0,893,0,2.6115543516838815,0.9838383838383838,0.9939393939393939,2.841565514769184,0.9422110552763819,0.9849246231155779,66,cbd_robustness,A_cbdsurge_P2,24,P2,20,cbd_surge
2.7897808953678167,4.5401640278333275,0.9606741573033708,0.9932584269662922,0.11599022082792214,0.19806791054907769,0.0,0,0.0,890,0,2.631314898156043,0.9878542510121457,1.0,2.9874632252229096,0.9267676767676768,0.9848484848484849,67,cbd_robustness,A_cbdsurge_P2,25,P2,20,cbd_surge
2.6924488316799304,4.204767528561648,0.9732558139534884,0.9965116279069768,0.11226450697345017,0.1866189847478232,0.0,0,0.0,860,0,2.6502764805075865,0.9833333333333333,0.9958333333333333,2.7457191700028907,0.9605263157894737,0.9973684210526316,68,cbd_robustness,A_cbdsurge_P2,26,P2,20,cbd_surge
2.690745804318517,4.0258550322380415,0.975635593220339,0.9947033898305084,0.12088138508941415,0.20644160832651784,0.0,0,0.0,944,0,2.527951229022805,0.996309963099631,0.9981549815498155,2.910235007826666,0.9477611940298507,0.9900497512437811,69,cbd_robustness,A_cbdsurge_P2,27,P2,20,cbd_surge
2.7521559567946303,4.273346837892262,0.9646118721461188,0.9931506849315068,0.11437833071140639,0.20927408159484967,0.0,0,0.0,876,0,2.7018867917372043,0.9779559118236473,0.9939879759519038,2.818692597016528,0.946949602122016,0.9920424403183024,70,cbd_robustness,A_cbdsurge_P2,28,P2,20,cbd_surge
2.696485306637588,4.333317219065436,0.9694915254237289,0.9943502824858758,0.11313227864204664,0.1764039657819489,0.0,0,0.0,885,0,2.550359199931044,0.9921104536489151,1.0,2.8924798465852537,0.9391534391534392,0.9867724867724867,71,cbd_robustness,A_cbdsurge_P2,29,P2,20,cbd_surge
2.5363069422646336,3.6444402992625418,0.9844290657439446,0.9982698961937716,0.08941883172160356,0.1724536078580932,0.0,0,0.0,578,0,2.509743043324248,0.9907692307692307,1.0,2.570430527859991,0.9762845849802372,0.9960474308300395,42,cbd_robustness,B_cbdslow_P2,0,P2,20,cbd_slow_service
2.573259192886136,3.8770032475610647,0.9794392523364486,0.9981308411214953,0.08389712996014334,0.16528163613982783,0.0,0,0.0,535,0,2.517679966647279,1.0,1.0,2.6442113965953156,0.9531914893617022,0.9957446808510638,43,cbd_robustness,B_cbdslow_P2,1,P2,20,cbd_slow_service
2.6151188029892265,3.886162324121415,0.9734513274336283,0.9964601769911504,0.09039184039162192,0.15413226071351221,0.0,0,0.0,565,0,2.498292535008238,0.9933554817275747,1.0,2.7483184494372472,0.9507575757575758,0.9924242424242424,44,cbd_robustness,B_cbdslow_P2,2,P2,20,cbd_slow_service
2.6464117964161447,3.9913931350968994,0.9782971619365609,0.998330550918197,0.09442077517521559,0.1651385413149094,0.0,0,0.0,599,0,2.577714639505236,0.9970588235294118,1.0,2.736593392360966,0.9536679536679536,0.9961389961389961,45,cbd_robustness,B_cbdslow_P2,3,P2,20,cbd_slow_service
2.6960493967729833,3.899407070323562,0.9670710571923743,0.9913344887348353,0.08991146458233408,0.15834586889020583,0.0,0,0.0,577,0,2.5051346513003843,0.9936708860759493,1.0,2.927195218877739,0.9348659003831418,0.9808429118773946,46,cbd_robustness,B_cbdslow_P2,4,P2,20,cbd_slow_service
2.6044922011132603,3.9359905746631543,0.9817184643510055,0.9963436928702011,0.08459589002396684,0.15137161618674536,0.0,0,0.0,547,0,2.523821258868239,0.9936507936507937,1.0,2.7140238683855955,0.9655172413793104,0.9913793103448276,47,cbd_robustness,B_cbdslow_P2,5,P2,20,cbd_slow_service
2.5296421834240106,3.646754067618332,0.9889908256880734,0.9963302752293578,0.08621607471779029,0.15176213715806203,0.0,0,0.0,545,0,2.4359303295903096,0.9896907216494846,0.9965635738831615,2.6370049765956916,0.9881889763779528,0.9960629921259843,48,cbd_robustness,B_cbdslow_P2,6,P2,20,cbd_slow_service
2.6626462321553737,4.015516463095059,0.9790940766550522,0.9982578397212544,0.09334653882359276,0.16976280894525417,0.0,0,0.0,574,0,2.5984194003335355,0.9968152866242038,1.0,2.740212482894055,0.9576923076923077,0.9961538461538462,49,cbd_robustness,B_cbdslow_P2,7,P2,20,cbd_slow_service
2.553396869021258,3.803399027242449,0.9774011299435028,0.9962335216572504,0.08421060156598184,0.13449266628548276,0.0,0,0.0,531,0,2.438768199735036,0.9901639344262295,1.0,2.7080948519075307,0.9601769911504425,0.9911504424778761,50,cbd_robustness,B_cbdslow_P2,8,P2,20,cbd_slow_service
2.585351107798698,3.803399027242449,0.9761029411764706,0.9944852941176471,0.08650253628418873,0.1642374192254453,0.0,0,0.0,544,0,2.5024944977341557,0.9935483870967742,1.0,2.695118411730358,0.9529914529914529,0.9871794871794872,51,cbd_robustness,B_cbdslow_P2,9,P2,20,cbd_slow_service
2.567410061996966,3.803399027242449,0.9835255354200988,0.9967051070840197,0.09571262936944917,0.17371967491203028,0.0,0,0.0,607,0,2.478896592395365,0.9942363112391931,1.0,2.685541500272949,0.9692307692307692,0.9923076923076923,52,cbd_robustness,B_cbdslow_P2,10,P2,20,cbd_slow_service
2.806282913028831,4.618558367433948,0.9625212947189097,0.9931856899488927,0.09429676882996563,0.16291645613787564,0.0,0,0.0,587,0,2.6122101541220006,0.9837133550488599,0.996742671009772,3.019069830830248,0.9392857142857143,0.9892857142857143,53,cbd_robustness,B_cbdslow_P2,11,P2,20,cbd_slow_service
2.5907750221358152,3.899407070323946,0.9777365491651205,0.9962894248608535,0.08482370882698637,0.13198436658358417,0.0,0,0.0,539,0,2.4770613808299355,0.9895470383275261,0.9965156794425087,2.7202822247341785,0.9642857142857143,0.996031746031746,54,cbd_robustness,B_cbdslow_P2,12,P2,20,cbd_slow_service
2.579709793676377,3.803399027242449,0.9790940766550522,0.9947735191637631,0.08983710471799049,0.16599699767926518,0.0,0,0.0,574,0,2.4180880868607333,1.0,1.0,2.772175337670579,0.9541984732824428,0.9885496183206107,55,cbd_robustness,B_cbdslow_P2,13,P2,20,cbd_slow_service
2.5932023150887726,3.8994070703232637,0.9806678383128296,0.9929701230228472,0.09094345496592685,0.16260534106850605,0.0,0,0.0,569,0,2.5220254820990142,0.9969230769230769,0.9969230769230769,2.688007522964475,0.9590163934426229,0.9877049180327869,56,cbd_robustness,B_cbdslow_P2,14,P2,20,cbd_slow_service
2.645646312700541,3.9725740790023627,0.9720767888307156,0.9930191972076788,0.08806017212717324,0.15833840637969832,0.0,0,0.0,573,0,2.5023390994781955,0.9935691318327974,0.9967845659163987,2.815755256640042,0.9465648854961832,0.9885496183206107,57,cbd_robustness,B_cbdslow_P2,15,P2,20,cbd_slow_service
2.630541473228361,3.9909712919570666,0.9767441860465116,0.9964221824686941,0.08806147695848235,0.1876466310411325,0.0,0,0.0,559,0,2.5422723410818326,0.9905362776025236,1.0,2.7461667413707134,0.9586776859504132,0.9917355371900827,58,cbd_robustness,B_cbdslow_P2,16,P2,20,cbd_slow_service
2.637484879047284,3.899407070323946,0.9809688581314879,1.0,0.09018330992099895,0.15016101547486166,0.0,0,0.0,578,0,2.601848721869929,0.9906832298136646,1.0,2.682308482996926,0.96875,1.0,59,cbd_robustness,B_cbdslow_P2,17,P2,20,cbd_slow_service
2.672411305009385,4.041595805841511,0.9723577235772358,0.9983739837398374,0.09849902642683946,0.17844950623738856,0.0,0,0.0,615,0,2.6007240004255876,0.986449864498645,1.0,2.7799422618850818,0.9512195121951219,0.9959349593495935,60,cbd_robustness,B_cbdslow_P2,18,P2,20,cbd_slow_service
2.6449435168015007,3.899407070323946,0.9742268041237113,0.993127147766323,0.08972627766962557,0.163310318726973,0.0,0,0.0,582,0,2.5292586360823295,0.996875,1.0,2.786238027603542,0.9465648854961832,0.9847328244274809,61,cbd_robustness,B_cbdslow_P2,19,P2,20,cbd_slow_service
2.6036237307734353,3.848646441711193,0.9828473413379074,1.0,0.09075501330234889,0.16945704177132911,0.0,0,0.0,583,0,2.552010197693919,1.0,1.0,2.666860158706736,0.9618320610687023,1.0,62,cbd_robustness,B_cbdslow_P2,20,P2,20,cbd_slow_service
2.5639508250807426,3.803399027242449,0.9838420107719928,0.9964093357271095,0.0882457315698019,0.17038450684059908,0.0,0,0.0,557,0,2.473167436263122,0.9967105263157895,1.0,2.673034422711402,0.9683794466403162,0.9920948616600791,63,cbd_robustness,B_cbdslow_P2,21,P2,20,cbd_slow_service
2.6675637320818644,4.025855032237189,0.9807692307692307,0.9982517482517482,0.09246720800675683,0.18723900893772413,0.0,0,0.0,572,0,2.6918095384839567,0.9814814814814815,0.9969135802469136,2.635887759201711,0.9798387096774194,1.0,64,cbd_robustness,B_cbdslow_P2,22,P2,20,cbd_slow_service
2.6719737191144626,4.031319017614195,0.9689655172413794,0.9948275862068966,0.0947235756622519,0.17649768919386238,0.0,0,0.0,580,0,2.5177953312023686,0.9905956112852664,1.0,2.860413971007022,0.9425287356321839,0.9885057471264368,65,cbd_robustness,B_cbdslow_P2,23,P2,20,cbd_slow_service
2.5930435555093356,3.821516642713392,0.9763912310286678,0.9983136593591906,0.09377309094425197,0.20800156381429916,0.0,0,0.0,593,0,2.5010855290521787,0.9969512195121951,1.0,2.706863301463854,0.9509433962264151,0.9962264150943396,66,cbd_robustness,B_cbdslow_P2,24,P2,20,cbd_slow_service
2.645123064143344,3.9197815659742474,0.9748322147651006,0.9949664429530202,0.0948698968178939,0.1579653726641438,0.0,0,0.0,596,0,2.6086176996830392,0.9913793103448276,0.9971264367816092,2.6963483336279643,0.9516129032258065,0.9919354838709677,67,cbd_robustness,B_cbdslow_P2,25,P2,20,cbd_slow_service
2.6960252257064914,4.0260176021593,0.9637305699481865,0.9930915371329879,0.09196265141705878,0.166954411946019,0.0,0,0.0,579,0,2.505599267031176,0.990909090909091,1.0,2.948396978167753,0.927710843373494,0.9839357429718876,68,cbd_robustness,B_cbdslow_P2,26,P2,20,cbd_slow_service
2.609976115185613,3.803399027242449,0.9801801801801802,1.0,0.0850362196483736,0.14457300096365489,0.0,0,0.0,555,0,2.4575404700780528,0.9965635738831615,1.0,2.7780017694519015,0.9621212121212122,1.0,69,cbd_robustness,B_cbdslow_P2,27,P2,20,cbd_slow_service
2.6763057657372684,4.0224088425232205,0.9733096085409253,0.9928825622775801,0.08802340822741425,0.14633372682904675,0.0,0,0.0,562,0,2.586394250078614,0.9771241830065359,0.9967320261437909,2.7837781242980038,0.96875,0.98828125,70,cbd_robustness,B_cbdslow_P2,28,P2,20,cbd_slow_service
2.621443420254573,3.9342996532280656,0.9776632302405498,0.9948453608247423,0.09003264094415453,0.16179535200029083,0.0,0,0.0,582,0,2.5270459521894963,0.9848484848484849,0.996969696969697,2.745059152244554,0.9682539682539683,0.9920634920634921,71,cbd_robustness,B_cbdslow_P2,29,P2,20,cbd_slow_service
8.162887900373198,18.91006357897622,0.5795847750865052,0.6384083044982699,0.08979941751582447,0.49337546723692427,0.0,0,0.0,578,0,2.950015590619922,0.9907692307692307,1.0,14.859265373376415,0.05138339920948617,0.17391304347826086,42,cbd_robustness,C_cbdonly_CBDONLY,0,CBD_ONLY,20,cbd_only
8.75644519717956,20.99931812499771,0.5470383275261324,0.6062717770034843,0.0911719715406509,0.46845807264687905,0.0,0,0.0,574,0,3.0262746982730278,0.9902912621359223,0.9967637540453075,15.438040231753588,0.03018867924528302,0.1509433962264151,43,cbd_robustness,C_cbdonly_CBDONLY,1,CBD_ONLY,20,cbd_only
8.396965464768101,19.86300921224902,0.5792163543441227,0.6303236797274276,0.09436674609378139,0.5199046593081318,0.0,0,0.0,587,0,2.940794121219962,0.9939024390243902,1.0,15.306711413354163,0.05405405405405406,0.16216216216216217,44,cbd_robustness,C_cbdonly_CBDONLY,2,CBD_ONLY,20,cbd_only
8.264346693290749,19.850286365706047,0.580267558528428,0.6404682274247492,0.09433294672401732,0.5349457187550446,0.0,0,0.0,598,0,2.9191452572028447,0.9941176470588236,0.9970588235294118,15.308410601313568,0.03488372093023256,0.17054263565891473,45,cbd_robustness,C_cbdonly_CBDONLY,3,CBD_ONLY,20,cbd_only
8.665249535362115,19.47376246361216,0.5545927209705372,0.6117850953206239,0.09123735943711604,0.5303451984311307,0.0,0,0.0,577,0,2.9760941186074508,0.990506329113924,0.9968354430379747,15.553269120398417,0.02681992337164751,0.14559386973180077,46,cbd_robustness,C_cbdonly_CBDONLY,4,CBD_ONLY,20,cbd_only
7.858144501351649,18.796293658121385,0.5886654478976234,0.6563071297989032,0.08398284966779104,0.4569791303118159,0.0,0,0.0,547,0,2.897530927689129,0.9936507936507937,1.0,14.593460344902054,0.03879310344827586,0.1896551724137931,47,cbd_robustness,C_cbdonly_CBDONLY,5,CBD_ONLY,20,cbd_only
8.66861884790457,20.25545474950131,0.5383275261324042,0.6062717770034843,0.09224451861736269,0.5243942396487816,0.0,0,0.0,574,0,2.9483151770304494,0.9933333333333333,1.0,14.931725056890835,0.040145985401459854,0.17518248175182483,48,cbd_robustness,C_cbdonly_CBDONLY,6,CBD_ONLY,20,cbd_only
8.518054339917436,19.15520272866587,0.5584642233856894,0.6055846422338569,0.09318627013761312,0.5136392369964312,0.0,0,0.0,573,0,3.0611667327876417,0.9905362776025236,1.0,15.275215947183625,0.0234375,0.1171875,49,cbd_robustness,C_cbdonly_CBDONLY,7,CBD_ONLY,20,cbd_only
8.139054326067823,19.812117826075408,0.583804143126177,0.6459510357815442,0.08408479083320054,0.45611006926262626,0.0,0,0.0,531,0,2.9279318635137264,0.9868852459016394,0.9967213114754099,15.171763844116493,0.03982300884955752,0.17256637168141592,50,cbd_robustness,C_cbdonly_CBDONLY,8,CBD_ONLY,20,cbd_only
7.899336773190847,18.86039329341429,0.604355716878403,0.6660617059891107,0.08718028079132764,0.49038350121366164,0.0,0,0.0,551,0,2.9765471631389655,0.9969040247678018,1.0,14.873288720764348,0.04824561403508772,0.19298245614035087,51,cbd_robustness,C_cbdonly_CBDONLY,9,CBD_ONLY,20,cbd_only
8.32117083745287,19.357348100561193,0.5789473684210527,0.6414473684210527,0.0963458226183034,0.5278436645872618,0.0,0,0.0,608,0,2.9874088574593487,0.9855072463768116,1.0,15.317930849231445,0.045627376425855515,0.17110266159695817,52,cbd_robustness,C_cbdonly_CBDONLY,10,CBD_ONLY,20,cbd_only
8.563089045564807,18.896851942489363,0.5229982964224872,0.6030664395229983,0.09457059425973952,0.5021811147203997,0.0,0,0.0,587,0,3.015604776675458,0.9804560260586319,0.996742671009772,14.645509297525631,0.02142857142857143,0.17142857142857143,53,cbd_robustness,C_cbdonly_CBDONLY,11,CBD_ONLY,20,cbd_only
8.33504190365226,19.913900598422742,0.5533453887884268,0.6166365280289331,0.08746667593837527,0.4842406354047687,0.0,0,0.0,553,0,2.9401574711458034,0.9866220735785953,0.9966555183946488,14.685712948216947,0.04330708661417323,0.16929133858267717,54,cbd_robustness,C_cbdonly_CBDONLY,12,CBD_ONLY,20,cbd_only
8.39753503872839,19.533090652624598,0.5679442508710801,0.6463414634146342,0.09059312563935511,0.5110533354155388,0.0,0,0.0,574,0,2.9576908339127557,0.9871794871794872,1.0,14.875517450569907,0.06870229007633588,0.22519083969465647,55,cbd_robustness,C_cbdonly_CBDONLY,13,CBD_ONLY,20,cbd_only
8.160066077418238,19.30745623068219,0.5797788309636651,0.6382306477093207,0.10023267371144391,0.5190025651485884,0.0,0,0.0,633,0,2.919085664214627,0.9915254237288136,1.0,14.809912193095938,0.05734767025089606,0.17921146953405018,56,cbd_robustness,C_cbdonly_CBDONLY,14,CBD_ONLY,20,cbd_only
8.248027571806475,19.15710393112184,0.5818505338078291,0.6352313167259787,0.08694716751603647,0.49730915954776506,0.0,0,0.0,562,0,2.963628214773822,0.9875389408099688,1.0,15.286584391754527,0.04149377593360996,0.14937759336099585,57,cbd_robustness,C_cbdonly_CBDONLY,15,CBD_ONLY,20,cbd_only
7.837714405126211,18.755784330877873,0.578268876611418,0.6574585635359116,0.08460435414989792,0.46645180693000626,0.0,0,0.0,543,0,2.9961473791015907,0.9743589743589743,1.0,14.376973764951675,0.04329004329004329,0.19480519480519481,58,cbd_robustness,C_cbdonly_CBDONLY,16,CBD_ONLY,20,cbd_only
8.462694470470181,20.283131198827512,0.5726643598615917,0.6366782006920415,0.09104693965089795,0.5079107654123743,0.0,0,0.0,578,0,3.0033725157443816,0.9875776397515528,0.9937888198757764,15.329497866648722,0.05078125,0.1875,59,cbd_robustness,C_cbdonly_CBDONLY,17,CBD_ONLY,20,cbd_only
7.795735187434841,18.876983828264343,0.608130081300813,0.6617886178861788,0.09683288574538768,0.5353399066962222,0.0,0,0.0,615,0,2.900150240201329,0.989159891598916,1.0,15.139112608285105,0.036585365853658534,0.15447154471544716,60,cbd_robustness,C_cbdonly_CBDONLY,18,CBD_ONLY,20,cbd_only
8.14938104773598,19.022375885841594,0.5893805309734513,0.6336283185840708,0.08724750961603295,0.4795519897745133,0.0,0,0.0,565,0,2.968708213471083,0.9847094801223242,1.0,15.267364311620947,0.046218487394957986,0.13025210084033614,61,cbd_robustness,C_cbdonly_CBDONLY,19,CBD_ONLY,20,cbd_only
8.406963655452811,19.788172425939777,0.5560975609756098,0.6308943089430894,0.09698668587505752,0.5064447160743757,0.0,0,0.0,615,0,2.961648750782826,0.9880952380952381,0.9970238095238095,14.964762250324188,0.035842293906810034,0.18996415770609318,62,cbd_robustness,C_cbdonly_CBDONLY,20,CBD_ONLY,20,cbd_only
8.45240758157075,19.799266520921293,0.5631768953068592,0.6335740072202166,0.08844460125106364,0.5199020497470929,0.0,0,0.0,554,0,2.9852881093015227,1.0,1.0,15.052157382756308,0.035856573705179286,0.19123505976095617,63,cbd_robustness,C_cbdonly_CBDONLY,21,CBD_ONLY,20,cbd_only
7.790126137242731,18.874218739122774,0.5972222222222222,0.6631944444444444,0.09153504582039683,0.4770349132378321,0.0,0,0.0,576,0,3.0038144290839712,0.9854651162790697,0.997093023255814,14.887071083822958,0.021551724137931036,0.16810344827586207,64,cbd_robustness,C_cbdonly_CBDONLY,22,CBD_ONLY,20,cbd_only
8.47313101205752,19.351936040187706,0.5655172413793104,0.6379310344827587,0.09476867414835319,0.5128790003151785,0.0,0,0.0,580,0,3.0598360738599144,0.987460815047022,0.9968652037617555,15.089380380965704,0.04980842911877394,0.19923371647509577,65,cbd_robustness,C_cbdonly_CBDONLY,23,CBD_ONLY,20,cbd_only
8.433266025652037,20.015470087106316,0.5649241146711635,0.6256323777403036,0.09445183113020005,0.494073282295453,0.0,0,0.0,593,0,2.917954511628372,0.9939024390243902,1.0,15.259764805273779,0.033962264150943396,0.16226415094339622,66,cbd_robustness,C_cbdonly_CBDONLY,24,CBD_ONLY,20,cbd_only
8.271305435261022,19.473762463611394,0.5733333333333334,0.6216666666666667,0.09537839937472185,0.5206273146326582,0.0,0,0.0,600,0,2.971582517828363,0.9881656804733728,1.0,15.10835255775048,0.03816793893129771,0.13358778625954199,67,cbd_robustness,C_cbdonly_CBDONLY,25,CBD_ONLY,20,cbd_only
8.752130970464444,19.939346291509423,0.5423728813559322,0.6016949152542372,0.09497089368717099,0.5111187333878215,0.0,0,0.0,590,0,2.982693798287169,0.9842271293375394,1.0,15.45144080042853,0.029304029304029304,0.1391941391941392,68,cbd_robustness,C_cbdonly_CBDONLY,26,CBD_ONLY,20,cbd_only
8.35748054637872,18.82535655110906,0.5315315315315315,0.609009009009009,0.08592172717988741,0.49631563592650496,0.0,0,0.0,555,0,2.9386842610633614,0.9965635738831615,1.0,14.330471906328604,0.01893939393939394,0.17803030303030304,69,cbd_robustness,C_cbdonly_CBDONLY,27,CBD_ONLY,20,cbd_only
8.617575287134713,20.024985561555923,0.5569395017793595,0.6298932384341637,0.08914507376807101,0.5051223376049263,0.0,0,0.0,562,0,3.0030392505358936,0.9869281045751634,1.0,15.328700393381737,0.04296875,0.1875,70,cbd_robustness,C_cbdonly_CBDONLY,28,CBD_ONLY,20,cbd_only
8.491035514639929,19.770213375838676,0.555921052631579,0.6200657894736842,0.09524554107172753,0.528617483162048,0.0,0,0.0,608,0,3.0129167885848416,0.9761194029850746,0.9850746268656716,15.213269116209357,0.040293040293040296,0.17216117216117216,71,cbd_robustness,C_cbdonly_CBDONLY,29,CBD_ONLY,20,cbd_only
8.162887900373198,18.91006357897622,0.5795847750865052,0.6384083044982699,0.08979941751582447,0.49337546723692427,0.0,0,0.0,578,0,2.950015590619922,0.9907692307692307,1.0,14.859265373376415,0.05138339920948617,0.17391304347826086,42,cbd_robustness,D_mixed_MIXED,0,MIXED,20,mixed
8.75644519717956,20.99931812499771,0.5470383275261324,0.6062717770034843,0.0911719715406509,0.46845807264687905,0.0,0,0.0,574,0,3.0262746982730278,0.9902912621359223,0.9967637540453075,15.438040231753588,0.03018867924528302,0.1509433962264151,43,cbd_robustness,D_mixed_MIXED,1,MIXED,20,mixed
8.396965464768101,19.86300921224902,0.5792163543441227,0.6303236797274276,0.09436674609378139,0.5199046593081318,0.0,0,0.0,587,0,2.940794121219962,0.9939024390243902,1.0,15.306711413354163,0.05405405405405406,0.16216216216216217,44,cbd_robustness,D_mixed_MIXED,2,MIXED,20,mixed
8.264346693290749,19.850286365706047,0.580267558528428,0.6404682274247492,0.09433294672401732,0.5349457187550446,0.0,0,0.0,598,0,2.9191452572028447,0.9941176470588236,0.9970588235294118,15.308410601313568,0.03488372093023256,0.17054263565891473,45,cbd_robustness,D_mixed_MIXED,3,MIXED,20,mixed
8.665249535362115,19.47376246361216,0.5545927209705372,0.6117850953206239,0.09123735943711604,0.5303451984311307,0.0,0,0.0,577,0,2.9760941186074508,0.990506329113924,0.9968354430379747,15.553269120398417,0.02681992337164751,0.14559386973180077,46,cbd_robustness,D_mixed_MIXED,4,MIXED,20,mixed
7.858144501351649,18.796293658121385,0.5886654478976234,0.6563071297989032,0.08398284966779104,0.4569791303118159,0.0,0,0.0,547,0,2.897530927689129,0.9936507936507937,1.0,14.593460344902054,0.03879310344827586,0.1896551724137931,47,cbd_robustness,D_mixed_MIXED,5,MIXED,20,mixed
8.66861884790457,20.25545474950131,0.5383275261324042,0.6062717770034843,0.09224451861736269,0.5243942396487816,0.0,0,0.0,574,0,2.9483151770304494,0.9933333333333333,1.0,14.931725056890835,0.040145985401459854,0.17518248175182483,48,cbd_robustness,D_mixed_MIXED,6,MIXED,20,mixed
8.518054339917436,19.15520272866587,0.5584642233856894,0.6055846422338569,0.09318627013761312,0.5136392369964312,0.0,0,0.0,573,0,3.0611667327876417,0.9905362776025236,1.0,15.275215947183625,0.0234375,0.1171875,49,cbd_robustness,D_mixed_MIXED,7,MIXED,20,mixed
8.139054326067823,19.812117826075408,0.583804143126177,0.6459510357815442,0.08408479083320054,0.45611006926262626,0.0,0,0.0,531,0,2.9279318635137264,0.9868852459016394,0.9967213114754099,15.171763844116493,0.03982300884955752,0.17256637168141592,50,cbd_robustness,D_mixed_MIXED,8,MIXED,20,mixed
7.899336773190847,18.86039329341429,0.604355716878403,0.6660617059891107,0.08718028079132764,0.49038350121366164,0.0,0,0.0,551,0,2.9765471631389655,0.9969040247678018,1.0,14.873288720764348,0.04824561403508772,0.19298245614035087,51,cbd_robustness,D_mixed_MIXED,9,MIXED,20,mixed
8.32117083745287,19.357348100561193,0.5789473684210527,0.6414473684210527,0.0963458226183034,0.5278436645872618,0.0,0,0.0,608,0,2.9874088574593487,0.9855072463768116,1.0,15.317930849231445,0.045627376425855515,0.17110266159695817,52,cbd_robustness,D_mixed_MIXED,10,MIXED,20,mixed
8.563089045564807,18.896851942489363,0.5229982964224872,0.6030664395229983,0.09457059425973952,0.5021811147203997,0.0,0,0.0,587,0,3.015604776675458,0.9804560260586319,0.996742671009772,14.645509297525631,0.02142857142857143,0.17142857142857143,53,cbd_robustness,D_mixed_MIXED,11,MIXED,20,mixed
8.33504190365226,19.913900598422742,0.5533453887884268,0.6166365280289331,0.08746667593837527,0.4842406354047687,0.0,0,0.0,553,0,2.9401574711458034,0.9866220735785953,0.9966555183946488,14.685712948216947,0.04330708661417323,0.16929133858267717,54,cbd_robustness,D_mixed_MIXED,12,MIXED,20,mixed
8.39753503872839,19.533090652624598,0.5679442508710801,0.6463414634146342,0.09059312563935511,0.5110533354155388,0.0,0,0.0,574,0,2.9576908339127557,0.9871794871794872,1.0,14.875517450569907,0.06870229007633588,0.22519083969465647,55,cbd_robustness,D_mixed_MIXED,13,MIXED,20,mixed
8.160066077418238,19.30745623068219,0.5797788309636651,0.6382306477093207,0.10023267371144391,0.5190025651485884,0.0,0,0.0,633,0,2.919085664214627,0.9915254237288136,1.0,14.809912193095938,0.05734767025089606,0.17921146953405018,56,cbd_robustness,D_mixed_MIXED,14,MIXED,20,mixed
8.248027571806475,19.15710393112184,0.5818505338078291,0.6352313167259787,0.08694716751603647,0.49730915954776506,0.0,0,0.0,562,0,2.963628214773822,0.9875389408099688,1.0,15.286584391754527,0.04149377593360996,0.14937759336099585,57,cbd_robustness,D_mixed_MIXED,15,MIXED,20,mixed
7.837714405126211,18.755784330877873,0.578268876611418,0.6574585635359116,0.08460435414989792,0.46645180693000626,0.0,0,0.0,543,0,2.9961473791015907,0.9743589743589743,1.0,14.376973764951675,0.04329004329004329,0.19480519480519481,58,cbd_robustness,D_mixed_MIXED,16,MIXED,20,mixed
8.462694470470181,20.283131198827512,0.5726643598615917,0.6366782006920415,0.09104693965089795,0.5079107654123743,0.0,0,0.0,578,0,3.0033725157443816,0.9875776397515528,0.9937888198757764,15.329497866648722,0.05078125,0.1875,59,cbd_robustness,D_mixed_MIXED,17,MIXED,20,mixed
7.795735187434841,18.876983828264343,0.608130081300813,0.6617886178861788,0.09683288574538768,0.5353399066962222,0.0,0,0.0,615,0,2.900150240201329,0.989159891598916,1.0,15.139112608285105,0.036585365853658534,0.15447154471544716,60,cbd_robustness,D_mixed_MIXED,18,MIXED,20,mixed
8.14938104773598,19.022375885841594,0.5893805309734513,0.6336283185840708,0.08724750961603295,0.4795519897745133,0.0,0,0.0,565,0,2.968708213471083,0.9847094801223242,1.0,15.267364311620947,0.046218487394957986,0.13025210084033614,61,cbd_robustness,D_mixed_MIXED,19,MIXED,20,mixed
8.406963655452811,19.788172425939777,0.5560975609756098,0.6308943089430894,0.09698668587505752,0.5064447160743757,0.0,0,0.0,615,0,2.961648750782826,0.9880952380952381,0.9970238095238095,14.964762250324188,0.035842293906810034,0.18996415770609318,62,cbd_robustness,D_mixed_MIXED,20,MIXED,20,mixed
8.45240758157075,19.799266520921293,0.5631768953068592,0.6335740072202166,0.08844460125106364,0.5199020497470929,0.0,0,0.0,554,0,2.9852881093015227,1.0,1.0,15.052157382756308,0.035856573705179286,0.19123505976095617,63,cbd_robustness,D_mixed_MIXED,21,MIXED,20,mixed
7.790126137242731,18.874218739122774,0.5972222222222222,0.6631944444444444,0.09153504582039683,0.4770349132378321,0.0,0,0.0,576,0,3.0038144290839712,0.9854651162790697,0.997093023255814,14.887071083822958,0.021551724137931036,0.16810344827586207,64,cbd_robustness,D_mixed_MIXED,22,MIXED,20,mixed
8.47313101205752,19.351936040187706,0.5655172413793104,0.6379310344827587,0.09476867414835319,0.5128790003151785,0.0,0,0.0,580,0,3.0598360738599144,0.987460815047022,0.9968652037617555,15.089380380965704,0.04980842911877394,0.19923371647509577,65,cbd_robustness,D_mixed_MIXED,23,MIXED,20,mixed
8.433266025652037,20.015470087106316,0.5649241146711635,0.6256323777403036,0.09445183113020005,0.494073282295453,0.0,0,0.0,593,0,2.917954511628372,0.9939024390243902,1.0,15.259764805273779,0.033962264150943396,0.16226415094339622,66,cbd_robustness,D_mixed_MIXED,24,MIXED,20,mixed
8.271305435261022,19.473762463611394,0.5733333333333334,0.6216666666666667,0.09537839937472185,0.5206273146326582,0.0,0,0.0,600,0,2.971582517828363,0.9881656804733728,1.0,15.10835255775048,0.03816793893129771,0.13358778625954199,67,cbd_robustness,D_mixed_MIXED,25,MIXED,20,mixed
8.752130970464444,19.939346291509423,0.5423728813559322,0.6016949152542372,0.09497089368717099,0.5111187333878215,0.0,0,0.0,590,0,2.982693798287169,0.9842271293375394,1.0,15.45144080042853,0.029304029304029304,0.1391941391941392,68,cbd_robustness,D_mixed_MIXED,26,MIXED,20,mixed
8.35748054637872,18.82535655110906,0.5315315315315315,0.609009009009009,0.08592172717988741,0.49631563592650496,0.0,0,0.0,555,0,2.9386842610633614,0.9965635738831615,1.0,14.330471906328604,0.01893939393939394,0.17803030303030304,69,cbd_robustness,D_mixed_MIXED,27,MIXED,20,mixed
8.617575287134713,20.024985561555923,0.5569395017793595,0.6298932384341637,0.08914507376807101,0.5051223376049263,0.0,0,0.0,562,0,3.0030392505358936,0.9869281045751634,1.0,15.328700393381737,0.04296875,0.1875,70,cbd_robustness,D_mixed_MIXED,28,MIXED,20,mixed
8.491035514639929,19.770213375838676,0.555921052631579,0.6200657894736842,0.09524554107172753,0.528617483162048,0.0,0,0.0,608,0,3.0129167885848416,0.9761194029850746,0.9850746268656716,15.213269116209357,0.040293040293040296,0.17216117216117216,71,cbd_robustness,D_mixed_MIXED,29,MIXED,20,mixed
3.155871364135495,5.093761038327216,0.9411764705882353,0.9948096885813149,0.07544398320061926,0.16666593088450243,0.0,0,0.0,578,0,2.7188956405259863,1.0,1.0,3.7172038154125313,0.8656126482213439,0.9881422924901185,42,cbd_robustness,E_baseline_P0,0,P0,20,baseline
3.1799568515571823,5.093761038327216,0.9439252336448598,0.9981308411214953,0.07073966066749697,0.17719708252054542,0.0,0,0.0,535,0,2.754400329136087,1.0,1.0,3.7232204972011327,0.8723404255319149,0.9957446808510638,43,cbd_robustness,E_baseline_P0,1,P0,20,baseline
3.192969738418067,5.7257439034056645,0.9380530973451328,0.9982300884955753,0.07611091647130369,0.15644208171374205,0.0,0,0.0,565,0,2.7595482303847136,1.0,1.0,3.6871359275015494,0.8674242424242424,0.9962121212121212,44,cbd_robustness,E_baseline_P0,2,P0,20,baseline
3.100778935894183,5.093761038326704,0.9499165275459098,0.998330550918197,0.07918752395975388,0.13573579413095582,0.0,0,0.0,599,0,2.7593446699391264,0.9970588235294118,1.0,3.5489938023988903,0.888030888030888,0.9961389961389961,45,cbd_robustness,E_baseline_P0,3,P0,20,baseline
3.240873114856975,5.543699123328196,0.9306759098786829,0.9948006932409013,0.07571223446374577,0.1518996408966841,0.0,0,0.0,577,0,2.8113714270637695,1.0,1.0,3.7608828211506657,0.8467432950191571,0.9885057471264368,46,cbd_robustness,E_baseline_P0,4,P0,20,baseline
3.0687726697582542,5.00432402632788,0.9506398537477148,0.9981718464351006,0.07098787748583871,0.1410974375782281,0.0,0,0.0,547,0,2.7162627960565673,0.9968253968253968,1.0,3.547395989654941,0.8879310344827587,0.9956896551724138,47,cbd_robustness,E_baseline_P0,5,P0,20,baseline
3.035824368148649,4.540874724738728,0.959409594095941,0.996309963099631,0.07202414913267541,0.12729910780913029,0.0,0,0.0,542,0,2.680459822219085,1.0,1.0,3.4666132258673445,0.9102040816326531,0.9918367346938776,48,cbd_robustness,E_baseline_P0,6,P0,20,baseline
3.2106408238992885,5.458405857989274,0.9425087108013938,0.9965156794425087,0.0785017707038144,0.15429280557474948,0.0,0,0.0,574,0,2.7993644202968335,0.9968152866242038,1.0,3.7073361728653307,0.8769230769230769,0.9923076923076923,49,cbd_robustness,E_baseline_P0,7,P0,20,baseline
3.1827064869304724,5.453563148573883,0.9398496240601504,0.9962406015037594,0.07114348976050981,0.13709355304625034,0.0,0,0.0,532,0,2.7135885832414552,1.0,1.0,3.8130190888033817,0.8590308370044053,0.9911894273127754,50,cbd_robustness,E_baseline_P0,8,P0,20,baseline
3.033534014845977,4.945668158688932,0.9618874773139746,1.0,0.07388138535557355,0.1417097472733438,0.0,0,0.0,551,0,2.7532805463885714,1.0,1.0,3.430559761827302,0.9078947368421053,1.0,51,cbd_robustness,E_baseline_P0,9,P0,20,baseline
3.119031009889125,5.093761038327216,0.9456342668863262,0.9967051070840197,0.08051979771257678,0.1872278996356866,0.0,0,0.0,607,0,2.7196527200610863,0.9971181556195965,1.0,3.6520474197750077,0.8769230769230769,0.9923076923076923,52,cbd_robustness,E_baseline_P0,10,P0,20,baseline
3.3187831115472175,5.892374602399144,0.9114139693356048,0.9965928449744463,0.07930071537448,0.1604908497380617,0.0,0,0.0,587,0,2.8179228668193024,0.996742671009772,1.0,3.8679405941596112,0.8178571428571428,0.9928571428571429,53,cbd_robustness,E_baseline_P0,11,P0,20,baseline
3.160793644898161,5.093761038327216,0.9424860853432282,0.9981447124304267,0.0714237973760222,0.13617530815290374,0.0,0,0.0,539,0,2.748744146929048,0.9965156794425087,1.0,3.6300722398074283,0.8809523809523809,0.996031746031746,54,cbd_robustness,E_baseline_P0,12,P0,20,baseline
3.1438254935694276,5.358220455243316,0.9407665505226481,0.9965156794425087,0.07563464707327755,0.15946117947520996,0.0,0,0.0,574,0,2.6961076709553105,1.0,1.0,3.6769856487434915,0.8702290076335878,0.9923664122137404,55,cbd_robustness,E_baseline_P0,13,P0,20,baseline
3.057361103022321,5.0214532528379365,0.9560632688927944,0.9947275922671354,0.07624536307694597,0.15333281076517608,0.0,0,0.0,569,0,2.7284278522299616,0.9969230769230769,1.0,3.495489408380996,0.9016393442622951,0.9877049180327869,56,cbd_robustness,E_baseline_P0,14,P0,20,baseline
3.1572638957151793,5.892374602398718,0.9232111692844677,0.9965095986038395,0.07406263945028595,0.15635135978304518,0.0,0,0.0,573,0,2.6938516159848382,0.9967845659163987,1.0,3.707344884250051,0.8358778625954199,0.9923664122137404,57,cbd_robustness,E_baseline_P0,15,P0,20,baseline
3.168738394907047,5.132147901681007,0.9391771019677997,0.9946332737030411,0.07407974992661656,0.14346794544054933,0.0,0,0.0,559,0,2.7691401874637616,0.9968454258675079,1.0,3.6921790220125077,0.8636363636363636,0.987603305785124,58,cbd_robustness,E_baseline_P0,16,P0,20,baseline
3.1619775543495243,5.093761038327216,0.9446366782006921,0.9982698961937716,0.07584944769892506,0.16216824647094072,0.0,0,0.0,578,0,2.793855294117623,0.9968944099378882,1.0,3.625006334797463,0.87890625,0.99609375,59,cbd_robustness,E_baseline_P0,17,P0,20,baseline
3.179826738127407,5.093761038327216,0.9365853658536586,0.9967479674796748,0.08275161741044695,0.15920731237784458,0.0,0,0.0,615,0,2.7945046778066263,0.997289972899729,1.0,3.7578098286085773,0.8455284552845529,0.991869918699187,60,cbd_robustness,E_baseline_P0,18,P0,20,baseline
3.1453517715411294,5.657677316841194,0.9347079037800687,0.9982817869415808,0.07542460158659572,0.1544862367394558,0.0,0,0.0,582,0,2.7417663854575296,0.996875,1.0,3.6382804873684274,0.8587786259541985,0.9961832061068703,61,cbd_robustness,E_baseline_P0,19,P0,20,baseline
3.2421049082405875,5.3068485421198375,0.9366438356164384,0.9965753424657534,0.07680889885824728,0.17407641476997263,0.0,0,0.0,584,0,2.8484147520034293,0.9968847352024922,1.0,3.7226164677543814,0.8631178707224335,0.9923954372623575,62,cbd_robustness,E_baseline_P0,20,P0,20,baseline
3.1728630631894466,5.551216981268506,0.9368231046931408,0.9963898916967509,0.07393632911225792,0.16264276043518736,0.0,0,0.0,554,0,2.7091051339161543,0.9966996699669967,1.0,3.732698332391867,0.8645418326693227,0.9920318725099602,63,cbd_robustness,E_baseline_P0,21,P0,20,baseline
3.140272902583848,5.093761038327216,0.9458041958041958,1.0,0.07756405487710684,0.14427996962274578,0.0,0,0.0,572,0,2.7960267335784383,1.0,1.0,3.5900138653167226,0.875,1.0,64,cbd_robustness,E_baseline_P0,22,P0,20,baseline
3.2394716884638575,5.725743903405345,0.9344827586206896,0.993103448275862,0.07971151934833184,0.18472388322333433,0.0,0,0.0,580,0,2.71833251949401,0.9968652037617555,1.0,3.8764195616492265,0.8582375478927203,0.9846743295019157,65,cbd_robustness,E_baseline_P0,23,P0,20,baseline
3.194081968499155,5.344093000378397,0.9308600337268128,0.9983136593591906,0.07904093754938829,0.15352362066144976,0.0,0,0.0,593,0,2.7773816327926353,1.0,1.0,3.709846912317035,0.8452830188679246,0.9962264150943396,66,cbd_robustness,E_baseline_P0,24,P0,20,baseline
3.144981353574429,5.163189098530976,0.9476351351351351,0.9949324324324325,0.07893173594691819,0.14684930022143372,0.0,0,0.0,592,0,2.6929054853031413,1.0,1.0,3.738330930680493,0.87890625,0.98828125,67,cbd_robustness,E_baseline_P0,25,P0,20,baseline
3.223433260923664,5.892374602399144,0.9205526770293609,0.9930915371329879,0.07734722131700421,0.14321369979796633,0.0,0,0.0,579,0,2.772118370583617,1.0,1.0,3.8215614288442072,0.8152610441767069,0.9839357429718876,68,cbd_robustness,E_baseline_P0,26,P0,20,baseline
3.247371857492142,5.892374602398974,0.9243243243243243,1.0,0.07185371962863718,0.15593251778209474,0.0,0,0.0,555,0,2.717738513588433,1.0,1.0,3.8311722479314567,0.8409090909090909,1.0,69,cbd_robustness,E_baseline_P0,27,P0,20,baseline
3.2098968569553192,5.666232984379094,0.9377224199288257,0.9911032028469751,0.07407009719187654,0.14185304138638566,0.0,0,0.0,562,0,2.7650496124973825,0.9934640522875817,1.0,3.7416283288464474,0.87109375,0.98046875,70,cbd_robustness,E_baseline_P0,28,P0,20,baseline
3.12256296391871,5.095960613489353,0.9413854351687388,0.9982238010657194,0.07291075813221083,0.14947372123603722,0.0,0,0.0,563,0,2.7163171358861367,1.0,1.0,3.642294468608156,0.8663967611336032,0.9959514170040485,71,cbd_robustness,E_baseline_P0,29,P0,20,baseline
2.547645528218503,3.670879940810252,0.9878892733564014,0.9982698961937716,0.0737001611115318,0.14354548539909273,0.0,0,0.0,578,0,2.4421817619244885,0.9969230769230769,1.0,2.6831226983590346,0.9762845849802372,0.9960474308300395,42,cbd_robustness,E_baseline_P1,0,P1,20,baseline
2.5948372739161565,3.9911822135272814,0.9813084112149533,0.9981308411214953,0.06918688797881659,0.14101540081533623,0.0,0,0.0,535,0,2.43008572491594,1.0,1.0,2.805158400299411,0.9574468085106383,0.9957446808510638,43,cbd_robustness,E_baseline_P1,1,P1,20,baseline
2.6143728555385004,3.899407070323946,0.9823008849557522,0.9982300884955753,0.07448935278664609,0.1272811897148609,0.0,0,0.0,565,0,2.4218553224176973,0.9966777408637874,1.0,2.833872012619416,0.9659090909090909,0.9962121212121212,44,cbd_robustness,E_baseline_P1,2,P1,20,baseline
2.6221208908189553,4.049102789685577,0.9833055091819699,0.998330550918197,0.07776532074050756,0.12598397287889873,0.0,0,0.0,599,0,2.4700975539544823,1.0,1.0,2.821688205621738,0.9613899613899614,0.9961389961389961,45,cbd_robustness,E_baseline_P1,3,P1,20,baseline
2.673597916380398,3.991076752741833,0.9809358752166378,0.9965337954939342,0.0740886343173123,0.13466673975551954,0.0,0,0.0,577,0,2.439284676010533,1.0,1.0,2.9572875100849076,0.9578544061302682,0.9923371647509579,46,cbd_robustness,E_baseline_P1,4,P1,20,baseline
2.5802462722146413,3.9359905746631543,0.9872029250457038,0.9981718464351006,0.06966236191313849,0.12865445982392737,0.0,0,0.0,547,0,2.43987023950969,1.0,1.0,2.770843040758002,0.9698275862068966,0.9956896551724138,47,cbd_robustness,E_baseline_P1,5,P1,20,baseline
2.5912326912575856,3.825942793725517,0.9871559633027523,0.9963302752293578,0.0711807645097173,0.12799661604767482,0.0,0,0.0,545,0,2.3420066614176482,0.9965635738831615,1.0,2.8767633002474353,0.9763779527559056,0.9921259842519685,48,cbd_robustness,E_baseline_P1,6,P1,20,baseline
2.661372167143827,4.049102789685577,0.980836236933798,0.9982578397212544,0.0769378807783301,0.13094462988094313,0.0,0,0.0,574,0,2.472671148980136,0.9968152866242038,1.0,2.8892649352338227,0.9615384615384616,0.9961538461538462,49,cbd_robustness,E_baseline_P1,7,P1,20,baseline
2.6412060822873946,4.049102789685577,0.9756521739130435,0.991304347826087,0.07590870652122261,0.15018898532072522,0.0,0,0.0,575,0,2.4266462521001078,0.9907692307692307,1.0,2.920133861530867,0.956,0.98,50,cbd_robustness,E_baseline_P1,8,P1,20,baseline
2.592400839344264,3.968834722756056,0.9797794117647058,0.9944852941176471,0.07129401184969217,0.12655237345617662,0.0,0,0.0,544,0,2.391304408228276,1.0,1.0,2.858810641250061,0.9529914529914529,0.9871794871794872,51,cbd_robustness,E_baseline_P1,9,P1,20,baseline
2.595693287310761,3.998848612368988,0.9802306425041186,0.9967051070840197,0.0789440735181071,0.14798094339430826,0.0,0,0.0,607,0,2.407341384293332,0.9971181556195965,1.0,2.847070634799408,0.9576923076923077,0.9923076923076923,52,cbd_robustness,E_baseline_P1,10,P1,20,baseline
2.778590854290296,4.678043252603145,0.9744463373083475,0.9948892674616695,0.07772783414923282,0.13675422201500279,0.0,0,0.0,587,0,2.5320307812238347,0.990228013029316,0.996742671009772,3.0489263629738805,0.9571428571428572,0.9928571428571429,53,cbd_robustness,E_baseline_P1,11,P1,20,baseline
2.599333059149007,3.9909389523012493,0.987012987012987,0.9981447124304267,0.06992267011551229,0.14087548158542396,0.0,0,0.0,539,0,2.4111462189253787,0.9930313588850174,0.9965156794425087,2.8136569605148067,0.9801587301587301,1.0,54,cbd_robustness,E_baseline_P1,12,P1,20,baseline
2.5113564655782152,3.7394465989682146,0.9878048780487805,0.9965156794425087,0.07383386720191365,0.14484165739542326,0.0,0,0.0,574,0,2.3431120513133763,1.0,1.0,2.7117085924890154,0.9732824427480916,0.9923664122137404,55,cbd_robustness,E_baseline_P1,13,P1,20,baseline
2.5760809679123575,3.899407070323093,0.9789103690685413,0.9929701230228472,0.07488698809243415,0.13167469761754455,0.0,0,0.0,569,0,2.3981768761672693,0.9969230769230769,0.9969230769230769,2.813043385195775,0.9549180327868853,0.9877049180327869,56,cbd_robustness,E_baseline_P1,14,P1,20,baseline
2.6069187028739047,3.990865831171874,0.9773123909249564,0.9947643979057592,0.07249841427420431,0.1305748949123458,0.0,0,0.0,573,0,2.4145014923972665,1.0,1.0,2.835322338210678,0.950381679389313,0.9885496183206107,57,cbd_robustness,E_baseline_P1,15,P1,20,baseline
2.577628783458545,3.831217098124568,0.9767441860465116,0.9946332737030411,0.07244071087503069,0.14022894743694328,0.0,0,0.0,559,0,2.4018193361920774,0.9968454258675079,1.0,2.8079246296712324,0.9504132231404959,0.987603305785124,58,cbd_robustness,E_baseline_P1,16,P1,20,baseline
2.6852084770487354,4.01392486556402,0.9636678200692042,0.9982698961937716,0.0744825204832511,0.12906400898286124,0.0,0,0.0,578,0,2.496817748189436,0.9937888198757764,1.0,2.9221686906920734,0.92578125,0.99609375,59,cbd_robustness,E_baseline_P1,17,P1,20,baseline
2.6328651084098933,3.9913931350974963,0.9788617886178862,0.9983739837398374,0.08108305886740981,0.137705198126838,0.0,0,0.0,615,0,2.5317582238367478,0.986449864498645,1.0,2.7845254352696114,0.967479674796748,0.9959349593495935,60,cbd_robustness,E_baseline_P1,18,P1,20,baseline
2.5911627386904525,3.9911948762539566,0.9828178694158075,0.9982817869415808,0.07382471062866366,0.12919748818483465,0.0,0,0.0,582,0,2.4181027292173063,1.0,1.0,2.8025337426271193,0.9618320610687023,0.9961832061068703,61,cbd_robustness,E_baseline_P1,19,P1,20,baseline
2.655054122147664,4.151408306944276,0.976027397260274,0.9965753424657534,0.07510831523186695,0.144580698810854,0.0,0,0.0,584,0,2.4645120887834064,1.0,1.0,2.887616832071339,0.9467680608365019,0.9923954372623575,62,cbd_robustness,E_baseline_P1,20,P1,20,baseline
2.5542771532387154,3.825148514483544,0.9802867383512545,0.996415770609319,0.07279911655403795,0.12250029874801595,0.0,0,0.0,558,0,2.37899780638185,1.0,1.0,2.764060308531972,0.9566929133858267,0.9921259842519685,63,cbd_robustness,E_baseline_P1,21,P1,20,baseline
2.6343822678968363,3.998103064641839,0.9807692307692307,1.0,0.07612869057630836,0.12354113568416429,0.0,0,0.0,572,0,2.5352057425742345,0.9876543209876543,1.0,2.7639515993666874,0.9717741935483871,1.0,64,cbd_robustness,E_baseline_P1,22,P1,20,baseline
2.6567538971310363,4.28231332350629,0.9810344827586207,0.9948275862068966,0.07803504951215602,0.15081655586601178,0.0,0,0.0,580,0,2.4379953734864532,0.9968652037617555,1.0,2.9241254260299705,0.9616858237547893,0.9885057471264368,65,cbd_robustness,E_baseline_P1,23,P1,20,baseline
2.625552625793523,3.9912876743117067,0.9747048903878583,0.9983136593591906,0.0773686265363702,0.16188551158905348,0.0,0,0.0,593,0,2.4418435977255686,1.0,1.0,2.8529358756285754,0.9433962264150944,0.9962264150943396,66,cbd_robustness,E_baseline_P1,24,P1,20,baseline
2.6225971791134883,3.899407070323946,0.9798657718120806,0.9949664429530202,0.07813438721544078,0.13253775099080195,0.0,0,0.0,596,0,2.5218045937953484,0.9913793103448276,0.9971264367816092,2.7640319359308783,0.9637096774193549,0.9919354838709677,67,cbd_robustness,E_baseline_P1,25,P1,20,baseline
2.6403090133220912,3.998848612368988,0.9827288428324698,0.9913644214162349,0.07567247459398177,0.13476924761258202,0.0,0,0.0,579,0,2.4241584627552415,1.0,1.0,2.926773598410687,0.9598393574297188,0.9799196787148594,68,cbd_robustness,E_baseline_P1,26,P1,20,baseline
2.6352765518724737,3.998848612368988,0.9801801801801802,1.0,0.07016863582596397,0.13001958608783631,0.0,0,0.0,555,0,2.3704287427655393,1.0,1.0,2.9272110687289805,0.9583333333333334,1.0,69,cbd_robustness,E_baseline_P1,27,P1,20,baseline
2.6964227757884984,4.0440773719539305,0.9679715302491103,0.9893238434163701,0.072638686310846,0.12279848617953604,0.0,0,0.0,562,0,2.4932442109206012,0.9836601307189542,0.9967320261437909,2.939284654107156,0.94921875,0.98046875,70,cbd_robustness,E_baseline_P1,28,P1,20,baseline
2.562750958493679,3.899407070323946,0.9845360824742269,1.0,0.07404871225357498,0.13040615894204183,0.0,0,0.0,582,0,2.396895010371574,1.0,1.0,2.7799432715107213,0.9642857142857143,1.0,71,cbd_robustness,E_baseline_P1,29,P1,20,baseline
2.5039036074471404,3.642126530905898,0.9878892733564014,0.9982698961937716,0.07357475024741553,0.14354548539909273,0.0,0,0.0,578,0,2.4783237419691444,0.9938461538461538,1.0,2.536763118436661,0.9802371541501976,0.9960474308300395,42,cbd_robustness,E_baseline_P2,0,P2,20,baseline
2.5034459048495434,3.5670076980009355,0.983177570093458,0.9981308411214953,0.06894435631983525,0.14101540081533623,0.0,0,0.0,535,0,2.4543608829400236,1.0,1.0,2.566107634946802,0.9617021276595744,0.9957446808510638,43,cbd_robustness,E_baseline_P2,1,P2,20,baseline
2.563743777061885,3.739446598968641,0.9787610619469026,0.9982300884955753,0.07434746077603456,0.12573782004435874,0.0,0,0.0,565,0,2.466639334692155,0.9966777408637874,1.0,2.6744575541576765,0.9583333333333334,0.9962121212121212,44,cbd_robustness,E_baseline_P2,2,P2,20,baseline
2.5668869628612434,3.8076808436126734,0.9849749582637729,0.998330550918197,0.07760120802797449,0.1328284269799398,0.0,0,0.0,599,0,2.4972470977569428,0.9970588235294118,1.0,2.65830609079739,0.9691119691119691,0.9961389961389961,45,cbd_robustness,E_baseline_P2,3,P2,20,baseline
2.6155047565449974,3.803399027242449,0.9774696707105719,0.9948006932409013,0.07392236570012468,0.1283240689015598,0.0,0,0.0,577,0,2.452217953375158,1.0,1.0,2.813200656168251,0.9501915708812261,0.9885057471264368,46,cbd_robustness,E_baseline_P2,4,P2,20,baseline
2.5358763322880384,3.684507814729304,0.9872029250457038,0.9981718464351006,0.06954197323684956,0.12865445982392737,0.0,0,0.0,547,0,2.4906898820842716,0.9968253968253968,1.0,2.597228624590567,0.9741379310344828,0.9956896551724138,47,cbd_robustness,E_baseline_P2,5,P2,20,baseline
2.474059513111044,3.5398206839644177,0.9926605504587156,0.998165137614679,0.07086400170173188,0.13034025205878236,0.0,0,0.0,545,0,2.3931618622629567,0.993127147766323,1.0,2.5667414674291287,0.9921259842519685,0.9960629921259843,48,cbd_robustness,E_baseline_P2,6,P2,20,baseline
2.5960184260206116,3.7312622821634007,0.9843205574912892,0.9982578397212544,0.07675180415429873,0.14132363486916977,0.0,0,0.0,574,0,2.534614871816439,0.9968152866242038,1.0,2.6701750260979593,0.9692307692307692,0.9961538461538462,49,cbd_robustness,E_baseline_P2,7,P2,20,baseline
2.5110606772420465,3.6421265309061113,0.9793233082706767,0.9962406015037594,0.06937109109605427,0.11439242196553388,0.0,0,0.0,532,0,2.395801809029569,0.9901639344262295,1.0,2.665923914267622,0.9647577092511013,0.9911894273127754,50,cbd_robustness,E_baseline_P2,8,P2,20,baseline
2.5341044524704124,3.6181505099211213,0.9816176470588235,0.9944852941176471,0.07113670413908023,0.13192242492773903,0.0,0,0.0,544,0,2.432425986084036,1.0,1.0,2.6688066942643314,0.9572649572649573,0.9871794871794872,51,cbd_robustness,E_baseline_P2,9,P2,20,baseline
2.517822812700924,3.6444402992626057,0.9884868421052632,0.9967105263157895,0.07884737783964753,0.14933846468574613,0.0,0,0.0,608,0,2.4532577264629003,0.9942363112391931,1.0,2.603662218542281,0.9808429118773946,0.9923371647509579,52,cbd_robustness,E_baseline_P2,10,P2,20,baseline
2.7261923888113584,4.035641844981,0.969335604770017,0.9948892674616695,0.07757526520460914,0.13199256747444169,0.0,0,0.0,587,0,2.548616572106567,0.990228013029316,0.996742671009772,2.920891587841255,0.9464285714285714,0.9928571428571429,53,cbd_robustness,E_baseline_P2,11,P2,20,baseline
2.538379677998697,3.803399027242449,0.9833024118738405,0.9981447124304267,0.06975970447840904,0.1106124521506355,0.0,0,0.0,539,0,2.4540941349123506,0.9895470383275261,0.9965156794425087,2.6343715465137034,0.9761904761904762,1.0,54,cbd_robustness,E_baseline_P2,12,P2,20,baseline
2.535092402741945,3.7394465989682146,0.9843205574912892,0.9947735191637631,0.0739014486896715,0.14484165739542326,0.0,0,0.0,574,0,2.3811889424861215,1.0,1.0,2.7183667523595667,0.9656488549618321,0.9885496183206107,55,cbd_robustness,E_baseline_P2,13,P2,20,baseline
2.537282076160084,3.661293191803025,0.9824253075571178,0.9929701230228472,0.07477748129974052,0.13048289147571818,0.0,0,0.0,569,0,2.4518664370436904,0.9969230769230769,0.9969230769230769,2.6510529069503614,0.9631147540983607,0.9877049180327869,56,cbd_robustness,E_baseline_P2,14,P2,20,baseline
2.5706493070393845,3.7394465989686196,0.9790575916230366,0.9965095986038395,0.07239532715211514,0.1325397014335931,0.0,0,0.0,573,0,2.4466536550279194,0.9967845659163987,1.0,2.7178349855720776,0.9580152671755725,0.9923664122137404,57,cbd_robustness,E_baseline_P2,15,P2,20,baseline
2.58503456797,3.8994070703234343,0.9803220035778175,0.9964221824686941,0.0724612457636314,0.16013683393129174,0.0,0,0.0,559,0,2.488822004469578,0.9968454258675079,1.0,2.711065074704025,0.9586776859504132,0.9917355371900827,58,cbd_robustness,E_baseline_P2,16,P2,20,baseline
2.601548190824117,3.888702303127972,0.9826989619377162,1.0,0.07424266113088093,0.12487599942193055,0.0,0,0.0,578,0,2.56169624782496,0.9906832298136646,1.0,2.651674462877745,0.97265625,1.0,59,cbd_robustness,E_baseline_P2,17,P2,20,baseline
2.6350597058069707,3.9908658311716607,0.9739837398373984,0.9983739837398374,0.08108975369577887,0.1440837400171308,0.0,0,0.0,615,0,2.580095356934619,0.986449864498645,1.0,2.717506229115498,0.9552845528455285,0.9959349593495935,60,cbd_robustness,E_baseline_P2,18,P2,20,baseline
2.540706924246181,3.649067835974506,0.9828178694158075,0.9982817869415808,0.0736790494976787,0.14050223719093108,0.0,0,0.0,582,0,2.475043017112104,1.0,1.0,2.6209071161656636,0.9618320610687023,0.9961832061068703,61,cbd_robustness,E_baseline_P2,19,P2,20,baseline
2.551562807569956,3.6475253237372276,0.9828767123287672,1.0,0.07480851896344742,0.14388456619984075,0.0,0,0.0,584,0,2.4937580093083223,1.0,1.0,2.622115432064193,0.9619771863117871,1.0,62,cbd_robustness,E_baseline_P2,20,P2,20,baseline
2.5445074576067697,3.671322551325191,0.9838709677419355,0.996415770609319,0.07277207543219955,0.1481649689781157,0.0,0,0.0,558,0,2.467517320869454,0.9967105263157895,1.0,2.636653133071903,0.968503937007874,0.9921259842519685,63,cbd_robustness,E_baseline_P2,21,P2,20,baseline
2.586142905285069,3.86890783248549,0.986013986013986,1.0,0.07599182095619961,0.14827634827305905,0.0,0,0.0,572,0,2.59627128408396,0.9876543209876543,1.0,2.5729106684671628,0.9838709677419355,1.0,64,cbd_robustness,E_baseline_P2,22,P2,20,baseline
2.6184792071786323,3.8099965103820925,0.9758620689655172,0.9948275862068966,0.07792493383669771,0.15081655586601178,0.0,0,0.0,580,0,2.4603251463048896,0.9968652037617555,1.0,2.811778614913207,0.9501915708812261,0.9885057471264368,65,cbd_robustness,E_baseline_P2,23,P2,20,baseline
2.559335020759864,3.7394465989682146,0.9797639123102867,0.9983136593591906,0.07717384955330993,0.17587331310897628,0.0,0,0.0,593,0,2.4699802527655073,1.0,1.0,2.669932620390615,0.9547169811320755,0.9962264150943396,66,cbd_robustness,E_baseline_P2,24,P2,20,baseline
2.5929604880034396,3.899407070323093,0.9781879194630873,0.9949664429530202,0.07804677080719877,0.13160751355037625,0.0,0,0.0,596,0,2.5643302731701785,0.9913793103448276,0.9971264367816092,2.633135144301726,0.9596774193548387,0.9919354838709677,67,cbd_robustness,E_baseline_P2,25,P2,20,baseline
2.656150838366733,3.899407070323946,0.9689119170984456,0.9930915371329879,0.07571797269269628,0.13637109460055402,0.0,0,0.0,579,0,2.473919599276286,0.9939393939393939,1.0,2.897662119089013,0.9357429718875502,0.9839357429718876,68,cbd_robustness,E_baseline_P2,26,P2,20,baseline
2.5534294493354524,3.6498390920939983,0.9837837837837838,1.0,0.06994331270142011,0.12668628231996082,0.0,0,0.0,555,0,2.430996128525686,1.0,1.0,2.68838435977349,0.9659090909090909,1.0,69,cbd_robustness,E_baseline_P2,27,P2,20,baseline
2.626029820007515,3.7995783261358738,0.9768683274021353,0.9928825622775801,0.07244245197975022,0.12279848617953604,0.0,0,0.0,562,0,2.529237474838202,0.9836601307189542,0.9967320261437909,2.7417269200927104,0.96875,0.98828125,70,cbd_robustness,E_baseline_P2,28,P2,20,baseline
2.518447022849828,3.7394465989686196,0.9896907216494846,1.0,0.07392081101079363,0.13880766507734052,0.0,0,0.0,582,0,2.4541817927633094,0.9939393939393939,1.0,2.602603871772649,0.9841269841269841,1.0,71,cbd_robustness,E_baseline_P2,29,P2,20,baseline
