Experiment,Policy,Metric,N,Mean,Std,Min,Q1,Median,Q3,Max,IQR,CV
exp1_policy_comparison,P0,Mean RT (min),30,3.1651,0.065,3.0335,3.1412,3.1654,3.2059,3.3188,0.0648,0.0205
exp1_policy_comparison,P0,"P90 Response Time (90th percentile, min)",30,5.3338,0.3457,4.5409,5.0938,5.235,5.6311,5.8924,0.5373,0.0648
exp1_policy_comparison,P0,6-min Coverage (NYC),30,0.9396,0.011,0.9114,0.9352,0.9403,0.9454,0.9619,0.0102,0.0117
exp1_policy_comparison,P0,8-min Coverage (NFPA),30,0.9967,0.0021,0.9911,0.9953,0.9966,0.9982,1.0,0.003,0.0021
exp1_policy_comparison,P0,Mean Utilization,30,0.0757,0.0032,0.0707,0.0739,0.0757,0.0783,0.0828,0.0044,0.0416
exp1_policy_comparison,P1,Mean RT (min),30,2.6186,0.0519,2.5114,2.5912,2.6182,2.641,2.7786,0.0498,0.0198
exp1_policy_comparison,P1,"P90 Response Time (90th percentile, min)",30,3.9882,0.1741,3.6709,3.8994,3.9912,4.0102,4.678,0.1107,0.0437
exp1_policy_comparison,P1,6-min Coverage (NYC),30,0.9801,0.0054,0.9637,0.9777,0.9805,0.9828,0.9879,0.0051,0.0055
exp1_policy_comparison,P1,8-min Coverage (NFPA),30,0.9964,0.0027,0.9893,0.9948,0.9966,0.9983,1.0,0.0034,0.0027
exp1_policy_comparison,P1,Mean Utilization,30,0.0745,0.003,0.0692,0.0725,0.0743,0.0767,0.0811,0.0042,0.0402
exp1_policy_comparison,P2,Mean RT (min),30,2.5666,0.0528,2.4741,2.5353,2.5564,2.5953,2.7262,0.06,0.0206
exp1_policy_comparison,P2,"P90 Response Time (90th percentile, min)",30,3.7517,0.1224,3.5398,3.6493,3.7394,3.8094,4.0356,0.1602,0.0326
exp1_policy_comparison,P2,6-min Coverage (NYC),30,0.9817,0.0054,0.9689,0.9788,0.9828,0.9843,0.9927,0.0055,0.0055
exp1_policy_comparison,P2,8-min Coverage (NFPA),30,0.997,0.0022,0.9929,0.9949,0.9981,0.9983,1.0,0.0034,0.0022
exp1_policy_comparison,P2,Mean Utilization,30,0.0741,0.0031,0.0689,0.0724,0.0739,0.0766,0.0811,0.0042,0.0423
exp2_fleet_sensitivity,P0,Mean RT (min),180,4.4943,2.4883,2.3943,2.8109,3.2191,5.8463,9.9895,3.0354,0.5537
exp2_fleet_sensitivity,P0,"P90 Response Time (90th percentile, min)",180,8.7967,6.8915,3.1477,3.8994,5.0938,13.5352,23.2647,9.6358,0.7834
exp2_fleet_sensitivity,P0,6-min Coverage (NYC),180,0.8406,0.1845,0.4617,0.6969,0.9305,0.993,1.0,0.2961,0.2195
exp2_fleet_sensitivity,P0,8-min Coverage (NFPA),180,0.8799,0.1582,0.5418,0.7696,0.9748,0.9982,1.0,0.2286,0.1797
exp2_fleet_sensitivity,P0,Mean Utilization,180,0.0666,0.0303,0.0343,0.0433,0.0581,0.0757,0.1388,0.0323,0.4545
exp2_fleet_sensitivity,P1,Mean RT (min),180,2.52,0.2152,2.296,2.362,2.4328,2.6163,3.0856,0.2543,0.0854
exp2_fleet_sensitivity,P1,"P90 Response Time (90th percentile, min)",180,3.6497,0.6894,2.9801,3.1661,3.3662,3.9912,5.3554,0.8251,0.1889
exp2_fleet_sensitivity,P1,6-min Coverage (NYC),180,0.9847,0.015,0.9413,0.9806,0.9906,0.9948,1.0,0.0142,0.0152
exp2_fleet_sensitivity,P1,8-min Coverage (NFPA),180,0.9968,0.0031,0.984,0.995,0.9982,0.9983,1.0,0.0034,0.0031
exp2_fleet_sensitivity,P1,Mean Utilization,180,0.0603,0.0218,0.0342,0.042,0.0543,0.0742,0.1096,0.0322,0.362
exp2_fleet_sensitivity,P2,Mean RT (min),180,2.5561,0.1357,2.3602,2.4631,2.5148,2.5864,2.9694,0.1233,0.0531
exp2_fleet_sensitivity,P2,"P90 Response Time (90th percentile, min)",180,3.6756,0.394,3.1661,3.3842,3.5787,3.8045,5.0015,0.4203,0.1072
exp2_fleet_sensitivity,P2,6-min Coverage (NYC),180,0.9814,0.0128,0.9344,0.9788,0.985,0.9896,0.9967,0.0108,0.013
exp2_fleet_sensitivity,P2,8-min Coverage (NFPA),180,0.9966,0.0035,0.9804,0.9959,0.9981,0.9984,1.0,0.0024,0.0035
exp2_fleet_sensitivity,P2,Mean Utilization,180,0.0602,0.0216,0.0344,0.0421,0.0545,0.0739,0.106,0.0319,0.3581
exp3_demand_sensitivity,P0,Mean RT (min),180,3.2114,0.1045,2.9883,3.1319,3.2145,3.2822,3.5268,0.1503,0.0325
exp3_demand_sensitivity,P0,"P90 Response Time (90th percentile, min)",180,5.4618,0.4065,4.5015,5.0938,5.5475,5.8924,6.1135,0.7986,0.0744
exp3_demand_sensitivity,P0,6-min Coverage (NYC),180,0.9344,0.015,0.8899,0.9234,0.9341,0.9432,0.9754,0.0197,0.0161
exp3_demand_sensitivity,P0,8-min Coverage (NFPA),180,0.9947,0.0039,0.984,0.9923,0.9953,0.9977,1.0,0.0053,0.0039
exp3_demand_sensitivity,P0,Mean Utilization,180,0.0903,0.0393,0.0339,0.0584,0.0866,0.1166,0.1667,0.0582,0.4352
exp3_demand_sensitivity,P1,Mean RT (min),180,2.6673,0.1245,2.3857,2.5761,2.6569,2.747,2.9745,0.1709,0.0467
exp3_demand_sensitivity,P1,"P90 Response Time (90th percentile, min)",180,4.1784,0.4468,3.3662,3.8299,4.0466,4.4897,5.2259,0.6598,0.1069
exp3_demand_sensitivity,P1,6-min Coverage (NYC),180,0.9743,0.0118,0.9416,0.9654,0.9763,0.9831,1.0,0.0177,0.0121
exp3_demand_sensitivity,P1,8-min Coverage (NFPA),180,0.9946,0.0042,0.9821,0.9918,0.9955,0.9979,1.0,0.006,0.0042
exp3_demand_sensitivity,P1,Mean Utilization,180,0.0887,0.0387,0.033,0.0571,0.0848,0.1153,0.163,0.0582,0.4366
exp3_demand_sensitivity,P2,Mean RT (min),180,2.6172,0.1406,2.3382,2.5165,2.6078,2.7042,2.9714,0.1877,0.0537
exp3_demand_sensitivity,P2,"P90 Response Time (90th percentile, min)",180,3.9331,0.4679,3.1132,3.6421,3.8371,4.144,5.0984,0.5019,0.119
exp3_demand_sensitivity,P2,6-min Coverage (NYC),180,0.9763,0.013,0.9397,0.9676,0.9783,0.986,1.0,0.0184,0.0133
exp3_demand_sensitivity,P2,8-min Coverage (NFPA),180,0.9957,0.0034,0.9837,0.9932,0.996,0.9982,1.0,0.005,0.0034
exp3_demand_sensitivity,P2,Mean Utilization,180,0.0884,0.0387,0.033,0.057,0.0847,0.1152,0.1627,0.0582,0.4375
exp4_service_robustness,P0,Mean RT (min),90,3.1676,0.0699,2.9893,3.1261,3.1718,3.2097,3.3588,0.0836,0.0221
exp4_service_robustness,P0,"P90 Response Time (90th percentile, min)",90,5.3438,0.3509,4.5358,5.0938,5.2695,5.6641,5.8924,0.5703,0.0657
exp4_service_robustness,P0,6-min Coverage (NYC),90,0.9391,0.0115,0.908,0.9342,0.9398,0.9454,0.9656,0.0112,0.0122
exp4_service_robustness,P0,8-min Coverage (NFPA),90,0.9966,0.0023,0.9911,0.9948,0.9965,0.9983,1.0,0.0034,0.0023
exp4_service_robustness,P0,Mean Utilization,90,0.0757,0.0121,0.0576,0.0638,0.0757,0.0876,0.0983,0.0238,0.1601
exp4_service_robustness,P1,Mean RT (min),90,2.6214,0.0629,2.4561,2.5778,2.6212,2.6563,2.8361,0.0786,0.024
exp4_service_robustness,P1,"P90 Response Time (90th percentile, min)",90,4.0031,0.2112,3.6421,3.8994,3.9911,4.0491,4.7774,0.1497,0.0528
exp4_service_robustness,P1,6-min Coverage (NYC),90,0.9795,0.0059,0.9619,0.9761,0.9799,0.9828,0.993,0.0067,0.006
exp4_service_robustness,P1,8-min Coverage (NFPA),90,0.9964,0.0026,0.9893,0.9948,0.9965,0.9983,1.0,0.0035,0.0026
exp4_service_robustness,P1,Mean Utilization,90,0.0745,0.0122,0.056,0.0622,0.0743,0.0865,0.0967,0.0243,0.1633
exp4_service_robustness,P2,Mean RT (min),90,2.5691,0.0643,2.4386,2.52,2.5644,2.6085,2.7903,0.0884,0.025
exp4_service_robustness,P2,"P90 Response Time (90th percentile, min)",90,3.7622,0.166,3.3662,3.6421,3.7394,3.8991,4.492,0.257,0.0441
exp4_service_robustness,P2,6-min Coverage (NYC),90,0.9813,0.0061,0.9637,0.9782,0.9817,0.9849,0.9945,0.0067,0.0062
exp4_service_robustness,P2,8-min Coverage (NFPA),90,0.9968,0.0022,0.9913,0.9949,0.9966,0.9983,1.0,0.0034,0.0022
exp4_service_robustness,P2,Mean Utilization,90,0.0741,0.0122,0.0558,0.062,0.0739,0.086,0.0967,0.024,0.1643
