mean_response_time,p90_response_time,coverage_8min,mean_utilization,max_utilization,mean_queue_length,max_queue_length,queue_fraction,total_incidents,incidents_queued,cbd_mean_rt,cbd_coverage_8min,non_cbd_mean_rt,non_cbd_coverage_8min,random_seed,experiment_id,scenario_id,replication,policy,K,scenario_type
8.68675147529054,20.385547933159884,0.6225026288117771,0.1499800557963362,0.6184735575068648,0.0,0,0.0,951,0,2.936523589110419,0.9884836852207294,15.653888053662266,0.17906976744186046,42,cbd_robustness,A_cbdsurge_P0,0,P0,20,cbd_surge
8.229596963143411,19.616755286998757,0.6548881036513545,0.13339514760716534,0.5985063724770076,0.0,0,0.0,849,0,2.863491492069482,1.0,15.379490241909497,0.19505494505494506,43,cbd_robustness,A_cbdsurge_P0,1,P0,20,cbd_surge
8.349445258529027,20.034358050379097,0.631413612565445,0.153712444565026,0.5986956986798424,0.0,0,0.0,955,0,2.987409845640176,0.9942857142857143,14.896116402172392,0.1883720930232558,44,cbd_robustness,A_cbdsurge_P0,2,P0,20,cbd_surge
8.015829689727239,19.248385946451663,0.6528384279475983,0.1430752640457023,0.5926669791032093,0.0,0,0.0,916,0,2.919124328421769,0.9961759082217974,14.798468122202456,0.19592875318066158,45,cbd_robustness,A_cbdsurge_P0,3,P0,20,cbd_surge
7.959304582635463,18.05860259416832,0.6374745417515275,0.15297212764899668,0.6118880888076019,0.0,0,0.0,982,0,2.951562569302409,0.9876325088339223,14.772722802699185,0.16105769230769232,46,cbd_robustness,A_cbdsurge_P0,4,P0,20,cbd_surge
8.366733454441647,21.074175336692008,0.6484983314794216,0.13969570189615818,0.5853452284196182,0.0,0,0.0,899,0,2.9201197858668295,0.9980430528375733,15.539979806611058,0.18814432989690721,47,cbd_robustness,A_cbdsurge_P0,5,P0,20,cbd_surge
7.88252482609285,19.12289436837194,0.6469298245614035,0.1436780868820276,0.604774955061444,0.0,0,0.0,912,0,2.8933621162404193,0.9923954372623575,14.681228415166373,0.17616580310880828,48,cbd_robustness,A_cbdsurge_P0,6,P0,20,cbd_surge
8.480667941721777,19.8389149054382,0.6225806451612903,0.15086022265679408,0.5828558853636212,0.0,0,0.0,930,0,2.978116397307319,0.9885496183206107,15.58248323549807,0.15024630541871922,49,cbd_robustness,A_cbdsurge_P0,7,P0,20,cbd_surge
7.83980478803625,18.725215513896757,0.6482525366403608,0.1388703180076354,0.5874942562330617,0.0,0,0.0,887,0,2.911457556796437,0.9959595959595959,14.063100398913054,0.20918367346938777,50,cbd_robustness,A_cbdsurge_P0,8,P0,20,cbd_surge
8.918297937673552,21.688378072057276,0.609860664523044,0.15119882132129106,0.6457680755041568,0.0,0,0.0,933,0,3.0033537549879603,0.9919678714859438,15.68988920888602,0.1724137931034483,51,cbd_robustness,A_cbdsurge_P0,9,P0,20,cbd_surge
8.976999368275404,20.477476080895677,0.5943181818181819,0.14078891698866064,0.6064345384860373,0.0,0,0.0,880,0,2.8850022625205187,0.9956236323851203,15.558660543996409,0.1607565011820331,52,cbd_robustness,A_cbdsurge_P0,10,P0,20,cbd_surge
8.370421538469822,19.511170733922086,0.6406779661016949,0.13954579172615877,0.6007247248239053,0.0,0,0.0,885,0,2.8943777517849627,1.0,14.80174569089086,0.21867321867321868,53,cbd_robustness,A_cbdsurge_P0,11,P0,20,cbd_surge
8.791048619973933,20.44042640917467,0.6147816349384099,0.14186925726742133,0.6127408259153102,0.0,0,0.0,893,0,2.874685667763265,0.9936974789915967,15.544498896358297,0.18225419664268586,54,cbd_robustness,A_cbdsurge_P0,12,P0,20,cbd_surge
8.489887446286744,20.342862618551294,0.6177130044843049,0.14121658144756316,0.6099939142950573,0.0,0,0.0,892,0,2.86700326907464,0.9959839357429718,15.59698470580864,0.13959390862944163,55,cbd_robustness,A_cbdsurge_P0,13,P0,20,cbd_surge
8.448463275029809,20.44290182794768,0.6355042016806722,0.15172139463009965,0.6006977149333147,0.0,0,0.0,952,0,2.8930901193157936,0.9944341372912802,15.69869603757183,0.16707021791767554,56,cbd_robustness,A_cbdsurge_P0,14,P0,20,cbd_surge
8.238261604343196,20.306932465615446,0.6401384083044983,0.13552840902271435,0.5902408283239323,0.0,0,0.0,867,0,2.844333455401321,0.9979716024340771,15.348439618857485,0.16844919786096257,57,cbd_robustness,A_cbdsurge_P0,15,P0,20,cbd_surge
8.435238926307173,19.395299946311862,0.6053240740740741,0.13792538747568212,0.6129243043178195,0.0,0,0.0,864,0,2.9497569345850447,0.9935344827586207,14.798398036704844,0.155,58,cbd_robustness,A_cbdsurge_P0,16,P0,20,cbd_surge
7.80825289985841,18.909920161087435,0.6696935300794552,0.13583009748903926,0.5879105798995147,0.0,0,0.0,881,0,2.791864259946947,0.9980276134122288,14.608544451823951,0.22459893048128343,59,cbd_robustness,A_cbdsurge_P0,17,P0,20,cbd_surge
8.895946660374996,20.403354414474094,0.598159509202454,0.15647002277843128,0.6453580152022188,0.0,0,0.0,978,0,2.827851155127294,0.9980314960629921,15.454654142642726,0.16595744680851063,60,cbd_robustness,A_cbdsurge_P0,18,P0,20,cbd_surge
8.209359247872058,19.14879346893096,0.6399155227032735,0.1468078933521869,0.6169407369764311,0.0,0,0.0,947,0,2.8937651194607388,0.9981308411214953,15.111890458309087,0.17475728155339806,61,cbd_robustness,A_cbdsurge_P0,19,P0,20,cbd_surge
8.28207294630148,19.9964809445532,0.6295045045045045,0.1389891397021201,0.6041653550638261,0.0,0,0.0,888,0,2.9045404846176686,0.9959595959595959,15.0553008560559,0.16793893129770993,62,cbd_robustness,A_cbdsurge_P0,20,P0,20,cbd_surge
8.346128394539784,20.130054939765273,0.6254375729288215,0.1354650020470783,0.5929447261704163,0.0,0,0.0,857,0,2.8354604199341216,0.9935205183585313,14.821862588048472,0.19289340101522842,63,cbd_robustness,A_cbdsurge_P0,21,P0,20,cbd_surge
8.792074423963017,21.641972230666116,0.6203605514316013,0.15121628906762768,0.6111480527040257,0.0,0,0.0,943,0,2.9411494671933704,0.998015873015873,15.509309454058467,0.1867881548974943,64,cbd_robustness,A_cbdsurge_P0,22,P0,20,cbd_surge
8.03917455926003,19.290538404695695,0.662379421221865,0.14905529301550413,0.6214487048492968,0.0,0,0.0,933,0,2.9293690727083948,0.9981481481481481,15.06028133467449,0.2010178117048346,65,cbd_robustness,A_cbdsurge_P0,23,P0,20,cbd_surge
8.621805645417842,20.034358050379524,0.6164241164241164,0.15233003170117068,0.6471340917020262,0.0,0,0.0,962,0,2.995995536885958,0.9904030710172744,15.268170875678864,0.1746031746031746,66,cbd_robustness,A_cbdsurge_P0,24,P0,20,cbd_surge
7.99942201583453,19.201170633698073,0.6415730337078651,0.13898913252045872,0.5986196728461631,0.0,0,0.0,890,0,2.829741581302432,0.9960707269155207,14.905897976928596,0.1679790026246719,67,cbd_robustness,A_cbdsurge_P0,25,P0,20,cbd_surge
8.40501022310315,19.888233556896758,0.6189931350114416,0.13879291214599368,0.6012528732064143,0.0,0,0.0,874,0,2.858442653612248,0.9978858350951374,14.947470224023839,0.17206982543640897,68,cbd_robustness,A_cbdsurge_P0,26,P0,20,cbd_surge
8.496164184836184,20.282979030324668,0.6088362068965517,0.14555250710648188,0.6108409550678575,0.0,0,0.0,928,0,2.941069470678823,0.984313725490196,15.273911324119087,0.1507177033492823,69,cbd_robustness,A_cbdsurge_P0,27,P0,20,cbd_surge
7.996827655012946,18.755734788897882,0.6468571428571429,0.1370341421005773,0.5646515909220439,0.0,0,0.0,875,0,2.9840342740242907,0.9900990099009901,14.838613215551517,0.1783783783783784,70,cbd_robustness,A_cbdsurge_P0,28,P0,20,cbd_surge
8.1893044740853,19.046007732094154,0.6361581920903955,0.1372451008800984,0.607867299523901,0.0,0,0.0,885,0,2.9146345652346555,0.9938775510204082,14.73256588000129,0.19240506329113924,71,cbd_robustness,A_cbdsurge_P0,29,P0,20,cbd_surge
7.990971580039891,19.189366805509565,0.6557093425605537,0.10505770156601871,0.5236951137183021,0.0,0,0.0,578,0,2.7739820098131234,0.996969696969697,14.932933508164222,0.20161290322580644,42,cbd_robustness,B_cbdslow_P0,0,P0,20,cbd_slow_service
8.431345064625136,20.130054939764932,0.6352530541012217,0.10577234612279898,0.5189759998708514,0.0,0,0.0,573,0,2.7357928589062075,1.0,15.287913681509847,0.19615384615384615,43,cbd_robustness,B_cbdslow_P0,1,P0,20,cbd_slow_service
8.331358407612207,19.827024675099832,0.6303236797274276,0.11072637282234236,0.5396383440743987,0.0,0,0.0,587,0,2.8749289353741934,0.9969135802469136,15.053347567327478,0.17870722433460076,44,cbd_robustness,B_cbdslow_P0,2,P0,20,cbd_slow_service
7.955293465965409,18.709952616830478,0.6387959866220736,0.10996313725902371,0.5214481243878749,0.0,0,0.0,598,0,2.7805147996113395,1.0,13.91187322579743,0.22302158273381295,45,cbd_robustness,B_cbdslow_P0,3,P0,20,cbd_slow_service
8.315163279919332,20.322602887135076,0.6481802426343154,0.10599394826574397,0.5148401930250845,0.0,0,0.0,577,0,2.725911225893676,1.0,15.422755458857472,0.20078740157480315,46,cbd_robustness,B_cbdslow_P0,4,P0,20,cbd_slow_service
7.738391922097036,18.776778789351418,0.6617915904936015,0.0985256675407233,0.516599563487734,0.0,0,0.0,547,0,2.7175967750518266,0.996742671009772,14.160825714359031,0.23333333333333334,47,cbd_robustness,B_cbdslow_P0,5,P0,20,cbd_slow_service
8.228450410986422,20.034358050379097,0.6598984771573604,0.11008409746162195,0.5389946034548313,0.0,0,0.0,591,0,2.7920834448756446,0.9970238095238095,15.391663354567681,0.21568627450980393,48,cbd_robustness,B_cbdslow_P0,6,P0,20,cbd_slow_service
8.389268482835929,20.309096399524265,0.6388384754990926,0.105313445908278,0.5290437457026556,0.0,0,0.0,551,0,2.7683229046850553,1.0,15.409714796771304,0.18775510204081633,49,cbd_robustness,B_cbdslow_P0,7,P0,20,cbd_slow_service
7.911852986638633,18.86035908244253,0.6591337099811676,0.09832439223292047,0.5353309771827528,0.0,0,0.0,531,0,2.6949857341693972,1.0,14.898318382015928,0.2026431718061674,50,cbd_robustness,B_cbdslow_P0,8,P0,20,cbd_slow_service
7.467319256708142,18.90992016108754,0.6751361161524501,0.10152645731194385,0.5253666335630959,0.0,0,0.0,551,0,2.7328330975347153,1.0,14.07501515711975,0.2217391304347826,51,cbd_robustness,B_cbdslow_P0,9,P0,20,cbd_slow_service
8.177057695365187,19.189366805509565,0.6381578947368421,0.11279365124865037,0.5475652588294263,0.0,0,0.0,608,0,2.825728899050806,0.9970414201183432,14.876128558899492,0.18888888888888888,52,cbd_robustness,B_cbdslow_P0,10,P0,20,cbd_slow_service
8.10810146431688,19.75221782742966,0.6388415672913118,0.10973410756809102,0.5141633969599818,0.0,0,0.0,587,0,2.8003005387313404,0.9970238095238095,15.213364854742144,0.1593625498007968,53,cbd_robustness,B_cbdslow_P0,11,P0,20,cbd_slow_service
8.436474542187131,19.897142912303476,0.6029684601113172,0.10045283601601245,0.5205332621624916,0.0,0,0.0,539,0,2.740069965988223,1.0,14.780705521169445,0.1607843137254902,54,cbd_robustness,B_cbdslow_P0,12,P0,20,cbd_slow_service
8.192963242935791,19.0666069339244,0.632404181184669,0.10581928467768749,0.5268995037064454,0.0,0,0.0,574,0,2.736675049127667,1.0,14.736328011755498,0.19157088122605365,55,cbd_robustness,B_cbdslow_P0,13,P0,20,cbd_slow_service
8.043637218162864,19.41685238242879,0.6429699842022117,0.11753978835996119,0.546864220400486,0.0,0,0.0,633,0,2.794024711268549,1.0,14.536090848597532,0.20141342756183744,56,cbd_robustness,B_cbdslow_P0,14,P0,20,cbd_slow_service
8.149692127367071,19.752217827429916,0.6631762652705061,0.10370411186826411,0.5245139519607301,0.0,0,0.0,573,0,2.745923954634865,1.0,15.033063490252145,0.23412698412698413,57,cbd_robustness,B_cbdslow_P0,15,P0,20,cbd_slow_service
8.159947238681852,19.189366805508712,0.6316758747697975,0.10051885308784252,0.5395936259958853,0.0,0,0.0,543,0,2.713093414569501,1.0,14.591172235826555,0.19678714859437751,58,cbd_robustness,B_cbdslow_P0,16,P0,20,cbd_slow_service
7.881329396763789,18.86035908244253,0.6470588235294118,0.1052177450958012,0.5371808449838524,0.0,0,0.0,578,0,2.7713577082195546,1.0,14.585612252133824,0.184,59,cbd_robustness,B_cbdslow_P0,17,P0,20,cbd_slow_service
8.22650893545823,19.511170733922086,0.6390243902439025,0.11544233021020281,0.5699611557903357,0.0,0,0.0,615,0,2.77865925340496,1.0,14.962032178724096,0.19272727272727272,60,cbd_robustness,B_cbdslow_P0,18,P0,20,cbd_slow_service
8.112086871064275,18.86035908244253,0.6407079646017699,0.10242976371250012,0.4823031286671331,0.0,0,0.0,565,0,2.8723954314038758,0.9936507936507937,14.714098085036378,0.196,61,cbd_robustness,B_cbdslow_P0,19,P0,20,cbd_slow_service
7.934222813989166,19.473723776658574,0.6500857632933105,0.10617038664319603,0.5392661811652633,0.0,0,0.0,583,0,2.736120685261633,1.0,14.761888705293982,0.19047619047619047,62,cbd_robustness,B_cbdslow_P0,20,P0,20,cbd_slow_service
8.56893316438165,19.373932563100322,0.6031195840554593,0.10835392866608187,0.551858402373538,0.0,0,0.0,577,0,2.856907990285849,0.9965986394557823,14.502980518389302,0.19434628975265017,63,cbd_robustness,B_cbdslow_P0,21,P0,20,cbd_slow_service
8.253108634949202,19.730609581897024,0.6311188811188811,0.1083150834256065,0.5072925398761994,0.0,0,0.0,572,0,2.7529015356199316,1.0,15.139194688440176,0.16929133858267717,64,cbd_robustness,B_cbdslow_P0,22,P0,20,cbd_slow_service
8.333193444335762,20.308802801222157,0.6366782006920415,0.11060780535800371,0.5461523347093336,0.0,0,0.0,578,0,2.720187409381037,0.9968152866242038,15.00926880409252,0.20833333333333334,65,cbd_robustness,B_cbdslow_P0,23,P0,20,cbd_slow_service
7.896863629197016,19.039146051497255,0.6557093425605537,0.106664738233284,0.5307774992320412,0.0,0,0.0,578,0,2.7397538595763953,1.0,14.338234197478025,0.22568093385214008,66,cbd_robustness,B_cbdslow_P0,24,P0,20,cbd_slow_service
8.140356006135741,20.130054939765444,0.653781512605042,0.11081895252472596,0.5451071154722683,0.0,0,0.0,595,0,2.7588748925689397,1.0,15.027002335374481,0.210727969348659,67,cbd_robustness,B_cbdslow_P0,25,P0,20,cbd_slow_service
8.216340147191671,20.072636806133435,0.6463195691202872,0.10399801673553384,0.5002692759708882,0.0,0,0.0,557,0,2.8243849260137925,0.9969040247678018,15.659081755911563,0.1623931623931624,68,cbd_robustness,B_cbdslow_P0,26,P0,20,cbd_slow_service
8.496964402918591,19.795566366434443,0.6233766233766234,0.11242742602270747,0.5961063367286741,0.0,0,0.0,616,0,2.746503658567498,0.9939759036144579,15.21933400546987,0.19014084507042253,69,cbd_robustness,B_cbdslow_P0,27,P0,20,cbd_slow_service
8.510606223978412,21.14145532966201,0.6174377224199288,0.10428767835405868,0.5302760191083427,0.0,0,0.0,562,0,2.8358727706760036,1.0,15.49142912288217,0.14682539682539683,70,cbd_robustness,B_cbdslow_P0,28,P0,20,cbd_slow_service
7.788462126300413,18.755734788897627,0.6678141135972461,0.10476409918072864,0.5234722391879025,0.0,0,0.0,581,0,2.759237146746674,0.9970059880239521,14.58911452780223,0.22267206477732793,71,cbd_robustness,B_cbdslow_P0,29,P0,20,cbd_slow_service
2.779176028271259,4.554297639571403,0.9925847457627118,0.12150836972512521,0.2017564606717237,0.0,0,0.0,944,0,2.6093953442419027,0.9961685823754789,2.9891891018810317,0.9881516587677726,42,cbd_robustness,A_cbdsurge_P1,0,P1,20,cbd_surge
2.714701922409428,4.345509746698497,0.9929328621908127,0.11017021759931227,0.20419985482765698,0.0,0,0.0,849,0,2.456952470289339,1.0,3.058131824272734,0.9835164835164835,43,cbd_robustness,A_cbdsurge_P1,1,P1,20,cbd_surge
2.7641648850334577,4.501015918487854,0.9924650161463939,0.12342191197454788,0.21969628620108037,0.0,0,0.0,929,0,2.516216845986892,1.0,3.0712619743586016,0.983132530120482,44,cbd_robustness,A_cbdsurge_P1,2,P1,20,cbd_surge
2.7648660395351357,4.55120630075541,0.9912663755458515,0.11921671888907533,0.20095529532445267,0.0,0,0.0,916,0,2.615075997816723,0.9961759082217974,2.9642049500153633,0.9847328244274809,45,cbd_robustness,A_cbdsurge_P1,3,P1,20,cbd_surge
2.781778376104697,4.558934647794729,0.9906928645294726,0.12591157515268442,0.21047667401392017,0.0,0,0.0,967,0,2.5021812583670235,1.0,3.138346935666624,0.9788235294117648,46,cbd_robustness,A_cbdsurge_P1,4,P1,20,cbd_surge
2.775941777810875,4.612621786564345,0.991130820399113,0.11533765371189167,0.20230830406653655,0.0,0,0.0,902,0,2.5974218280562624,0.996116504854369,3.0135070856238597,0.9844961240310077,47,cbd_robustness,A_cbdsurge_P1,5,P1,20,cbd_surge
2.663967576000259,4.353932524996252,0.9945175438596491,0.12007032789351321,0.20360643023144098,0.0,0,0.0,912,0,2.4972716485727537,1.0,2.891123166225305,0.9870466321243523,48,cbd_robustness,A_cbdsurge_P1,6,P1,20,cbd_surge
2.8081831797122936,4.470054375687085,0.9846153846153847,0.12202959165020588,0.18825043097782707,0.0,0,0.0,910,0,2.5918610024797206,0.9960474308300395,3.0791213521867533,0.9702970297029703,49,cbd_robustness,A_cbdsurge_P1,7,P1,20,cbd_surge
2.7172770407786957,4.344185783484704,0.9944994499449945,0.11927235910172233,0.219976315347502,0.0,0,0.0,909,0,2.5747263195533336,0.9980430528375733,2.90030070546754,0.9899497487437185,50,cbd_robustness,A_cbdsurge_P1,8,P1,20,cbd_surge
2.738118582362619,4.397984307168201,0.9903536977491961,0.12259709841203932,0.2397112458378785,0.0,0,0.0,933,0,2.536752137039532,1.0,2.968648443904912,0.9793103448275862,51,cbd_robustness,A_cbdsurge_P1,9,P1,20,cbd_surge
2.7472851040766257,4.489279792124421,0.99140708915145,0.11974056056646329,0.20641886192354705,0.0,0,0.0,931,0,2.4382389440466348,0.9979338842975206,3.0819122661672647,0.9843400447427293,52,cbd_robustness,A_cbdsurge_P1,10,P1,20,cbd_surge
2.720971703348811,4.444572254876036,0.9965556831228473,0.11286817762243403,0.1968850379934246,0.0,0,0.0,871,0,2.5348254867524354,0.9979296066252588,2.9526949575138866,0.9948453608247423,53,cbd_robustness,A_cbdsurge_P1,11,P1,20,cbd_surge
2.8078213585047527,4.771678808093215,0.9921612541993281,0.11536617222529835,0.20565945290803203,0.0,0,0.0,893,0,2.537060318435271,1.0,3.1168915145552885,0.9832134292565947,54,cbd_robustness,A_cbdsurge_P1,12,P1,20,cbd_surge
2.756442165929965,4.489279792124421,0.9879253567508233,0.11853929657444831,0.19722563013776212,0.0,0,0.0,911,0,2.476850105144079,0.9979674796747967,3.084745970003131,0.9761336515513126,55,cbd_robustness,A_cbdsurge_P1,13,P1,20,cbd_surge
2.788381626442781,4.707278059147172,0.9895833333333334,0.12650231931465575,0.19497874844558935,0.0,0,0.0,960,0,2.5512621966965714,0.9927007299270073,3.103773489309099,0.9854368932038835,56,cbd_robustness,A_cbdsurge_P1,14,P1,20,cbd_surge
2.6303962654820947,4.049112206496375,0.9930635838150289,0.11101303780760388,0.17685459499224665,0.0,0,0.0,865,0,2.417881570282073,1.0,2.8965930581675394,0.984375,57,cbd_robustness,A_cbdsurge_P1,15,P1,20,cbd_surge
2.741031537880255,4.38248265535731,0.9930555555555556,0.11352164152528096,0.20276906497681815,0.0,0,0.0,864,0,2.4891660443685235,1.0,3.033195510353863,0.985,58,cbd_robustness,A_cbdsurge_P1,16,P1,20,cbd_surge
2.7638968174965783,4.489279792124421,0.9901960784313726,0.10486786684358887,0.16559379195073123,0.0,0,0.0,816,0,2.5359767711963923,0.9934354485776805,3.054034592313249,0.9860724233983287,59,cbd_robustness,A_cbdsurge_P1,17,P1,20,cbd_surge
2.823837709353665,4.8096458570243,0.99079754601227,0.12701306566484558,0.2182240914649748,0.0,0,0.0,978,0,2.511326178101332,0.9980314960629921,3.161616130366826,0.9829787234042553,60,cbd_robustness,A_cbdsurge_P1,18,P1,20,cbd_surge
2.801404724247782,4.777429979779981,0.9919191919191919,0.12720302382782178,0.21399543992568526,0.0,0,0.0,990,0,2.5319931371119804,0.9964476021314387,3.1566242173565784,0.9859484777517564,61,cbd_robustness,A_cbdsurge_P1,19,P1,20,cbd_surge
2.7729984580143645,4.47440214522796,0.9876265466816648,0.11490343407088151,0.1993679269993791,0.0,0,0.0,889,0,2.5350154019430073,1.0,3.071987322875587,0.9720812182741116,62,cbd_robustness,A_cbdsurge_P1,20,P1,20,cbd_surge
2.680309125366572,4.049112206496375,0.9941656942823804,0.11137964930064234,0.20986185281066772,0.0,0,0.0,857,0,2.4519707383248286,0.9978401727861771,2.9486357070932905,0.9898477157360406,63,cbd_robustness,A_cbdsurge_P1,21,P1,20,cbd_surge
2.8732720002801817,4.894436696330331,0.9905759162303664,0.12504130386195747,0.20444112985076815,0.0,0,0.0,955,0,2.6100960776630227,0.9962121212121212,3.198697965483601,0.9836065573770492,64,cbd_robustness,A_cbdsurge_P1,22,P1,20,cbd_surge
2.7003287057137135,4.464988378561203,0.9935691318327974,0.12434724152066919,0.20611814261785805,0.0,0,0.0,933,0,2.5667564523323434,1.0,2.8838630996728485,0.9847328244274809,65,cbd_robustness,A_cbdsurge_P1,23,P1,20,cbd_surge
2.733970132370799,4.279444082744419,0.9921612541993281,0.11568356456808712,0.19984588684459081,0.0,0,0.0,893,0,2.5400790751792792,0.9979423868312757,2.965496063071237,0.9852579852579852,66,cbd_robustness,A_cbdsurge_P1,24,P1,20,cbd_surge
2.7481424218399155,4.467918218305158,0.9876404494382023,0.11580640018585928,0.1879357578756838,0.0,0,0.0,890,0,2.5926426432194796,0.9941060903732809,2.955883595902388,0.979002624671916,67,cbd_robustness,A_cbdsurge_P1,25,P1,20,cbd_surge
2.746319582729434,4.4454419313475455,0.9941860465116279,0.11249431275669686,0.18425241315556282,0.0,0,0.0,860,0,2.5972705876885165,0.9956896551724138,2.920962849646065,0.9924242424242424,68,cbd_robustness,A_cbdsurge_P1,26,P1,20,cbd_surge
2.6788640092768596,4.397984307168095,0.9957627118644068,0.12082574811263162,0.1942385004872691,0.0,0,0.0,944,0,2.456624095405246,1.0,2.9695690310893603,0.9902200488997555,69,cbd_robustness,A_cbdsurge_P1,27,P1,20,cbd_surge
2.784994203153611,4.460593618945694,0.9920091324200914,0.1145210207104661,0.18627803100869972,0.0,0,0.0,876,0,2.6093992355330426,0.998019801980198,3.0240116119093714,0.9838274932614556,70,cbd_robustness,A_cbdsurge_P1,28,P1,20,cbd_surge
2.683865299076797,4.037929372660045,0.9920993227990971,0.11317804437015319,0.22491240493932452,0.0,0,0.0,886,0,2.4705615919972934,1.0,2.9490099071173947,0.9822784810126582,71,cbd_robustness,A_cbdsurge_P1,29,P1,20,cbd_surge
2.598916949366004,3.899683992234607,0.9965397923875432,0.08959833858720158,0.15968964615437933,0.0,0,0.0,578,0,2.459613876795899,1.0,2.7842799088342876,0.9919354838709677,42,cbd_robustness,B_cbdslow_P1,0,P1,20,cbd_slow_service
2.6433155641447135,4.04911220649565,0.994392523364486,0.08408304344537816,0.15887620880389303,0.0,0,0.0,535,0,2.4667789535507287,0.9967845659163987,2.888417733317613,0.9910714285714286,43,cbd_robustness,B_cbdslow_P1,1,P1,20,cbd_slow_service
2.6990651149664138,4.269792243535846,0.9929203539823008,0.09062710659334364,0.15773852849136352,0.0,0,0.0,565,0,2.512136731340368,0.9968354430379747,2.9362914973994676,0.9879518072289156,44,cbd_robustness,B_cbdslow_P1,2,P1,20,cbd_slow_service
2.6634600472694996,4.270969360150843,0.996661101836394,0.09447142945230455,0.20591485753239072,0.0,0,0.0,599,0,2.5110415983572363,1.0,2.83827690623697,0.992831541218638,45,cbd_robustness,B_cbdslow_P1,3,P1,20,cbd_slow_service
2.684774039281426,4.049112206495522,0.9896013864818024,0.08987919334586257,0.15773132404015971,0.0,0,0.0,577,0,2.4212708309193607,1.0,3.0198588278678318,0.9763779527559056,46,cbd_robustness,B_cbdslow_P1,4,P1,20,cbd_slow_service
2.632383670618438,4.049112206496375,0.9945155393053017,0.08467156777108639,0.15106491419062695,0.0,0,0.0,547,0,2.45674179120727,0.993485342019544,2.857058908031891,0.9958333333333333,47,cbd_robustness,B_cbdslow_P1,5,P1,20,cbd_slow_service
2.614343703729678,4.049112206496375,0.998165137614679,0.08644505452218798,0.15204449222686744,0.0,0,0.0,545,0,2.38412090061287,1.0,2.924946020003647,0.9956896551724138,48,cbd_robustness,B_cbdslow_P1,6,P1,20,cbd_slow_service
2.7341152506089217,4.558934647795603,0.9930313588850174,0.09355002700113396,0.15216594870262687,0.0,0,0.0,574,0,2.4695056457654685,1.0,3.0844283711911444,0.9838056680161943,49,cbd_robustness,B_cbdslow_P1,7,P1,20,cbd_slow_service
2.6680202337996266,4.049112206495522,0.9930434782608696,0.09217244721667923,0.17008704492017737,0.0,0,0.0,575,0,2.424846220155637,1.0,3.017325278822138,0.9830508474576272,50,cbd_robustness,B_cbdslow_P1,8,P1,20,cbd_slow_service
2.6814035625312425,4.2693951032126165,0.9983361064891847,0.09629085607473534,0.17268095834833738,0.0,0,0.0,601,0,2.5355188593090943,1.0,2.8676275965686058,0.9962121212121212,51,cbd_robustness,B_cbdslow_P1,9,P1,20,cbd_slow_service
2.643379900664658,4.009710993652162,0.9934102141680395,0.09594136792139003,0.16908326567880133,0.0,0,0.0,607,0,2.4764962275174915,0.9941520467836257,2.858754301481,0.9924528301886792,52,cbd_robustness,B_cbdslow_P1,10,P1,20,cbd_slow_service
2.765235408473877,4.397984307168542,0.9965928449744463,0.0941772505503338,0.15578797340401968,0.0,0,0.0,587,0,2.6201583651934097,1.0,2.959442127765658,0.9920318725099602,53,cbd_robustness,B_cbdslow_P1,11,P1,20,cbd_slow_service
2.6326650751479503,3.9989199396492836,0.9925788497217068,0.08493570653816454,0.16465712391448178,0.0,0,0.0,539,0,2.4095232620607057,1.0,2.8811838003117836,0.984313725490196,54,cbd_robustness,B_cbdslow_P1,12,P1,20,cbd_slow_service
2.6725287221467915,3.9908902760507203,0.9965156794425087,0.09010138083377432,0.16821140694021328,0.0,0,0.0,574,0,2.4086792791837914,1.0,2.988945870221193,0.9923371647509579,55,cbd_robustness,B_cbdslow_P1,13,P1,20,cbd_slow_service
2.6307143428072997,4.049112206495693,0.9982425307557118,0.09104932968701725,0.1878606718132425,0.0,0,0.0,569,0,2.4601442057842013,1.0,2.836324081621965,0.9961240310077519,56,cbd_robustness,B_cbdslow_P1,14,P1,20,cbd_slow_service
2.7169751259944857,4.25210993659355,0.9965095986038395,0.08826290729591041,0.1463190071032114,0.0,0,0.0,573,0,2.515280891233203,0.9968847352024922,2.9738951631308814,0.996031746031746,57,cbd_robustness,B_cbdslow_P1,15,P1,20,cbd_slow_service
2.6647906884835786,4.049112206495693,0.9928443649373881,0.08815644378054416,0.14475524436944126,0.0,0,0.0,559,0,2.4599658586737685,0.9935275080906149,2.917954178128504,0.992,58,cbd_robustness,B_cbdslow_P1,16,P1,20,cbd_slow_service
2.7184146293867553,4.424655500702502,0.9948096885813149,0.09041534065361896,0.16195014828816492,0.0,0,0.0,578,0,2.5445865322713,1.0,2.946477092802233,0.988,59,cbd_robustness,B_cbdslow_P1,17,P1,20,cbd_slow_service
2.6950602932873378,4.397984307168201,0.9869918699186991,0.09856811932262774,0.1862537630876693,0.0,0,0.0,615,0,2.4868596093460247,1.0,2.9524720479784157,0.9709090909090909,60,cbd_robustness,B_cbdslow_P1,18,P1,20,cbd_slow_service
2.718413108892264,4.339407559808647,0.9948453608247423,0.08993837738488744,0.16205406406182987,0.0,0,0.0,582,0,2.4724381844467653,1.0,3.0273118512191695,0.9883720930232558,61,cbd_robustness,B_cbdslow_P1,19,P1,20,cbd_slow_service
2.62802652239956,3.9908902760498677,0.9965694682675815,0.09082558288329143,0.14889459981664213,0.0,0,0.0,583,0,2.4204876982757972,1.0,2.9006271207525973,0.9920634920634921,62,cbd_robustness,B_cbdslow_P1,20,P1,20,cbd_slow_service
2.6616235065660305,4.060222786951102,0.9946140035906643,0.08851559111140545,0.14709986833221067,0.0,0,0.0,557,0,2.4507349731557633,1.0,2.932148551473463,0.9877049180327869,63,cbd_robustness,B_cbdslow_P1,21,P1,20,cbd_slow_service
2.7314855220017122,4.452399343114699,0.993006993006993,0.09264857340275937,0.1678874539033704,0.0,0,0.0,572,0,2.546458298856047,0.9937106918238994,2.96313377775101,0.9921259842519685,64,cbd_robustness,B_cbdslow_P1,22,P1,20,cbd_slow_service
2.731779576069782,4.397984307168201,0.993103448275862,0.09489563616341286,0.16726916051654375,0.0,0,0.0,580,0,2.466709339682516,1.0,3.0446820355645245,0.9849624060150376,65,cbd_robustness,B_cbdslow_P1,23,P1,20,cbd_slow_service
2.6664986380519324,4.039073753126619,0.9949409780775716,0.09398915673764355,0.1610149127204071,0.0,0,0.0,593,0,2.480987615977457,0.9969512195121951,2.8961122804686408,0.9924528301886792,66,cbd_robustness,B_cbdslow_P1,24,P1,20,cbd_slow_service
2.6976738672731604,4.45326901958623,0.9966442953020134,0.09502525534301957,0.1511511865027798,0.0,0,0.0,596,0,2.4791164507996,1.0,2.9980814715894084,0.9920318725099602,67,cbd_robustness,B_cbdslow_P1,25,P1,20,cbd_slow_service
2.7175625797894143,4.4532690195853775,0.9913644214162349,0.09202450721077901,0.16500737628196246,0.0,0,0.0,579,0,2.4565023931830234,1.0,3.078534689664918,0.9794238683127572,68,cbd_robustness,B_cbdslow_P1,26,P1,20,cbd_slow_service
2.5950470562104115,3.8996839922350546,0.9963963963963964,0.08499512030446857,0.14714401867749038,0.0,0,0.0,555,0,2.390146168162215,1.0,2.8699773616928024,0.9915611814345991,69,cbd_robustness,B_cbdslow_P1,27,P1,20,cbd_slow_service
2.6990414923711743,4.278995356183742,0.998220640569395,0.08808678857646296,0.1605710425140849,0.0,0,0.0,562,0,2.5000638203954235,1.0,2.9438156126588035,0.996031746031746,70,cbd_robustness,B_cbdslow_P1,28,P1,20,cbd_slow_service
2.7419022600622727,4.2794440827439075,0.9928952042628775,0.08708265384744804,0.1627299595406565,0.0,0,0.0,563,0,2.5021596351948983,1.0,3.042060026396225,0.984,71,cbd_robustness,B_cbdslow_P1,29,P1,20,cbd_slow_service
2.7223534997050285,4.305953837670531,0.9957627118644068,0.12124229598025163,0.2051783408970587,0.0,0,0.0,944,0,2.6812814055485057,0.9961685823754789,2.7731583175953247,0.995260663507109,42,cbd_robustness,A_cbdsurge_P2,0,P2,20,cbd_surge
2.727094764857048,4.026067367489759,0.9917550058892816,0.11022240769473905,0.20614293980276072,0.0,0,0.0,849,0,2.5657099098750766,1.0,2.9421267831709383,0.9807692307692307,43,cbd_robustness,A_cbdsurge_P2,1,P2,20,cbd_surge
2.7970406194543864,4.559988612144937,0.9913885898815931,0.12357340779437449,0.22191943286733415,0.0,0,0.0,929,0,2.6262287200051713,1.0,3.008600417808354,0.980722891566265,44,cbd_robustness,A_cbdsurge_P2,2,P2,20,cbd_surge
2.7310264089224625,4.197669179660892,0.9934569247546347,0.11926143047424646,0.20159924940905027,0.0,0,0.0,917,0,2.687462774294382,0.994263862332696,2.7888532640252195,0.9923857868020305,45,cbd_robustness,A_cbdsurge_P2,3,P2,20,cbd_surge
2.716590741996178,4.169958150667724,0.9937952430196484,0.12559889438788815,0.2222711425595889,0.0,0,0.0,967,0,2.5733119909954603,1.0,2.8993132903312118,0.9858823529411764,46,cbd_robustness,A_cbdsurge_P2,4,P2,20,cbd_surge
2.739196624289431,4.356651463071984,0.9933481152993349,0.11517324831270351,0.2206444941180322,0.0,0,0.0,902,0,2.6709557436268785,0.996116504854369,2.830008132147866,0.9896640826873385,47,cbd_robustness,A_cbdsurge_P2,5,P2,20,cbd_surge
2.6706385015481304,4.269306667082558,0.9967105263157895,0.12010050589003933,0.20727780590234993,0.0,0,0.0,912,0,2.55225899236059,1.0,2.8319535840161256,0.9922279792746114,48,cbd_robustness,A_cbdsurge_P2,6,P2,20,cbd_surge
2.8048490522159626,4.415610533122632,0.9857142857142858,0.12201454176914606,0.19996734461203586,0.0,0,0.0,910,0,2.6797117855071853,0.9960474308300395,2.961580381311611,0.9727722772277227,49,cbd_robustness,A_cbdsurge_P2,7,P2,20,cbd_surge
2.7701326321485014,4.467918218305158,0.9955995599559956,0.11951068118780941,0.2213134892497076,0.0,0,0.0,909,0,2.6373231093181837,0.9980430528375733,2.9406493813100396,0.992462311557789,50,cbd_robustness,A_cbdsurge_P2,8,P2,20,cbd_surge
2.7403310217517327,4.307544490053207,0.9935691318327974,0.12260733752885507,0.23534103697926428,0.0,0,0.0,933,0,2.6290501200253957,1.0,2.8677284678660206,0.9862068965517241,51,cbd_robustness,A_cbdsurge_P2,9,P2,20,cbd_surge
2.7426569588695173,4.257143527210756,0.991130820399113,0.11647815064774711,0.1805087130805525,0.0,0,0.0,902,0,2.5705929090611663,1.0,2.9418890165423446,0.9808612440191388,52,cbd_robustness,A_cbdsurge_P2,10,P2,20,cbd_surge
2.693781116135692,4.025897574656483,0.9965556831228473,0.11275070241676625,0.20477378262602045,0.0,0,0.0,871,0,2.6362889733109816,0.9979296066252588,2.7653499434149067,0.9948453608247423,53,cbd_robustness,A_cbdsurge_P2,11,P2,20,cbd_surge
2.7019208362767757,4.068382573253574,0.9955207166853304,0.11489707913824684,0.1789777877619952,0.0,0,0.0,893,0,2.5860879833561263,1.0,2.834142510114256,0.9904076738609112,54,cbd_robustness,A_cbdsurge_P2,12,P2,20,cbd_surge
2.6986875527335554,4.025897574656483,0.9890230515916575,0.11827831218644272,0.19054901118999054,0.0,0,0.0,911,0,2.5408387341652703,0.9979674796747967,2.88403747811684,0.9785202863961814,55,cbd_robustness,A_cbdsurge_P2,13,P2,20,cbd_surge
2.734192191144328,4.158159024182099,0.9875,0.12624427438466318,0.21374970735534557,0.0,0,0.0,960,0,2.6291621924219313,0.9890510948905109,2.8738922865323704,0.9854368932038835,56,cbd_robustness,A_cbdsurge_P2,14,P2,20,cbd_surge
2.592186369434208,3.899683992234799,0.9930635838150289,0.1108490915770413,0.19599832596970207,0.0,0,0.0,865,0,2.4675026275977774,1.0,2.7483657439741123,0.984375,57,cbd_robustness,A_cbdsurge_P2,15,P2,20,cbd_surge
2.674804789687609,3.991066493437483,0.9942129629629629,0.11323781260445535,0.18768114489899942,0.0,0,0.0,864,0,2.550263938909683,1.0,2.8192721765900024,0.9875,58,cbd_robustness,A_cbdsurge_P2,16,P2,20,cbd_surge
2.7541364695474937,4.467918218305158,0.9938725490196079,0.10482836067331877,0.1878828167933279,0.0,0,0.0,816,0,2.635736257351934,0.9934354485776805,2.904857631033205,0.9944289693593314,59,cbd_robustness,A_cbdsurge_P2,17,P2,20,cbd_surge
2.74178950660235,4.397984307168127,0.9928425357873211,0.12661503420506984,0.21714603697553006,0.0,0,0.0,978,0,2.5779612173726743,0.9980314960629921,2.9188634873016586,0.9872340425531915,60,cbd_robustness,A_cbdsurge_P2,18,P2,20,cbd_surge
2.7644767855075107,4.449043008601451,0.990909090909091,0.127021681271508,0.22704494415787882,0.0,0,0.0,990,0,2.6027973680437797,0.9964476021314387,2.9776512867536016,0.9836065573770492,61,cbd_robustness,A_cbdsurge_P2,19,P2,20,cbd_surge
2.7308991621312364,4.0260673674901,0.9898762654668166,0.11471778787028578,0.20379800127940859,0.0,0,0.0,889,0,2.6267968982480467,0.997979797979798,2.8616875393448886,0.9796954314720813,62,cbd_robustness,A_cbdsurge_P2,20,P2,20,cbd_surge
2.640892617835489,3.9908902760502087,0.9964994165694282,0.11121209003995716,0.20885040761396026,0.0,0,0.0,857,0,2.5269823426497973,0.9978401727861771,2.7747516467973554,0.9949238578680203,63,cbd_robustness,A_cbdsurge_P2,21,P2,20,cbd_surge
2.8377552369634387,4.747582595986145,0.9916230366492147,0.12487305728969808,0.21354644234833509,0.0,0,0.0,955,0,2.723972417592852,0.9962121212121212,2.9784515569345626,0.9859484777517564,64,cbd_robustness,A_cbdsurge_P2,22,P2,20,cbd_surge
2.7268405955727673,4.338764994140435,0.9935691318327974,0.12446993791570142,0.23669366360471328,0.0,0,0.0,933,0,2.655457798238801,0.9981481481481481,2.824923828550737,0.9872773536895675,65,cbd_robustness,A_cbdsurge_P2,23,P2,20,cbd_surge
2.716933782972486,4.019030287473586,0.9921612541993281,0.11560810097675438,0.20842673672822637,0.0,0,0.0,893,0,2.629876064330459,0.9979423868312757,2.8208896828742684,0.9852579852579852,66,cbd_robustness,A_cbdsurge_P2,24,P2,20,cbd_surge
2.7169260851713273,4.345547232872342,0.9898876404494382,0.11566858996941558,0.2121172632663789,0.0,0,0.0,890,0,2.6506378746734525,0.9941060903732809,2.8054843506396163,0.984251968503937,67,cbd_robustness,A_cbdsurge_P2,25,P2,20,cbd_surge
2.742526621865339,4.31708183676335,0.9941860465116279,0.11247813246729647,0.20563597937650008,0.0,0,0.0,860,0,2.7006743139145817,0.9956896551724138,2.7915656897672356,0.9924242424242424,68,cbd_robustness,A_cbdsurge_P2,26,P2,20,cbd_surge
2.6839761293707114,4.275103572659731,0.9947033898305084,0.12084968581783304,0.20587346499193523,0.0,0,0.0,944,0,2.547057415571073,1.0,2.863075180428918,0.9877750611246944,69,cbd_robustness,A_cbdsurge_P2,27,P2,20,cbd_surge
2.7797631604113433,4.243814081490598,0.9908675799086758,0.11449829058426461,0.1966991200533205,0.0,0,0.0,876,0,2.6857016736391337,0.998019801980198,2.9077983378236496,0.9811320754716981,70,cbd_robustness,A_cbdsurge_P2,28,P2,20,cbd_surge
2.6828357331482016,4.026322056740526,0.9966139954853274,0.11317351959132016,0.22511382862233134,0.0,0,0.0,886,0,2.5630157491427803,1.0,2.8317765233929153,0.9924050632911392,71,cbd_robustness,A_cbdsurge_P2,29,P2,20,cbd_surge
2.5951809193979067,3.80490998051036,0.9948096885813149,0.08958762715207481,0.16333961815647355,0.0,0,0.0,578,0,2.5063554371191286,1.0,2.713376117591442,0.9879032258064516,42,cbd_robustness,B_cbdslow_P2,0,P2,20,cbd_slow_service
2.641032548760762,3.9544077625244562,0.9962616822429906,0.08407698484800505,0.14459478910617976,0.0,0,0.0,535,0,2.5141086070471883,0.9967845659163987,2.8172528428363046,0.9955357142857143,43,cbd_robustness,B_cbdslow_P2,1,P2,20,cbd_slow_service
2.5829571083153535,3.739705059418526,0.9946902654867257,0.09030170468978285,0.16127984843844492,0.0,0,0.0,565,0,2.536360275032675,0.9968354430379747,2.642092045332729,0.9919678714859438,44,cbd_robustness,B_cbdslow_P2,2,P2,20,cbd_slow_service
2.681439306906562,4.212014364370933,0.994991652754591,0.09452484997076985,0.20591485753239072,0.0,0,0.0,599,0,2.576811128050591,1.0,2.8014429529062412,0.989247311827957,45,cbd_robustness,B_cbdslow_P2,3,P2,20,cbd_slow_service
2.597646592690085,3.80342247081785,0.9930675909878682,0.08962982560437846,0.15721871140984908,0.0,0,0.0,577,0,2.4750171413482427,1.0,2.7535887690027434,0.984251968503937,46,cbd_robustness,B_cbdslow_P2,4,P2,20,cbd_slow_service
2.613823112292049,3.9909607630051482,0.9945155393053017,0.08462120752602427,0.15110189294192564,0.0,0,0.0,547,0,2.514582688057985,0.993485342019544,2.7407681549581233,0.9958333333333333,47,cbd_robustness,B_cbdslow_P2,5,P2,20,cbd_slow_service
2.531957060060515,3.7397050594187604,0.9963302752293578,0.08622233269282448,0.15436274896877727,0.0,0,0.0,545,0,2.4574281074109003,1.0,2.632506897040385,0.9913793103448276,48,cbd_robustness,B_cbdslow_P2,6,P2,20,cbd_slow_service
2.6081597274719814,3.9522081634786623,0.9947735191637631,0.09319140363664688,0.15122573322530608,0.0,0,0.0,574,0,2.543539980641563,1.0,2.6937089469600255,0.9878542510121457,49,cbd_robustness,B_cbdslow_P2,7,P2,20,cbd_slow_service
2.617461755548216,3.899683992234799,0.9947826086956522,0.09202824520777766,0.17298945074497088,0.0,0,0.0,575,0,2.5085955722561795,1.0,2.773841569683811,0.9872881355932204,50,cbd_robustness,B_cbdslow_P2,8,P2,20,cbd_slow_service
2.640709824281397,3.8996839922350546,0.9983361064891847,0.09616954190465522,0.17268095834833738,0.0,0,0.0,601,0,2.5748717533655405,1.0,2.724753119352018,0.9962121212121212,51,cbd_robustness,B_cbdslow_P2,9,P2,20,cbd_slow_service
2.5974333933934317,3.8996839922350546,0.9934102141680395,0.0958030269991994,0.16994980293648765,0.0,0,0.0,607,0,2.5491806634289977,0.9941520467836257,2.659706727913568,0.9924528301886792,52,cbd_robustness,B_cbdslow_P2,10,P2,20,cbd_slow_service
2.737986282254994,4.025897574656057,0.9982964224872232,0.09409790909651196,0.15435800877683217,0.0,0,0.0,587,0,2.655785063484868,1.0,2.8480245671424926,0.9960159362549801,53,cbd_robustness,B_cbdslow_P2,11,P2,20,cbd_slow_service
2.613570650032335,3.80342247081785,0.9944341372912802,0.08488465547101516,0.16465712391448178,0.0,0,0.0,539,0,2.417854900268378,1.0,2.831544269377291,0.9882352941176471,54,cbd_robustness,B_cbdslow_P2,12,P2,20,cbd_slow_service
2.6561731170866407,3.8996839922350546,0.9965156794425087,0.09005481279158914,0.17298168073728787,0.0,0,0.0,574,0,2.474626827379999,1.0,2.8738895488038017,0.9923371647509579,55,cbd_robustness,B_cbdslow_P2,13,P2,20,cbd_slow_service
2.5950976725350166,3.8996839922350546,0.9982425307557118,0.0909488044618936,0.1864659852355112,0.0,0,0.0,569,0,2.5232351390003935,1.0,2.6817226645089223,0.9961240310077519,56,cbd_robustness,B_cbdslow_P2,14,P2,20,cbd_slow_service
2.5951188421557143,3.80342247081785,0.9982547993019197,0.08791655982249963,0.1538220603286293,0.0,0,0.0,573,0,2.569791899434649,0.9968847352024922,2.627380543002786,1.0,57,cbd_robustness,B_cbdslow_P2,15,P2,20,cbd_slow_service
2.6057896972616414,3.815371532788219,0.9928443649373881,0.08799284480190796,0.14772640174822163,0.0,0,0.0,559,0,2.523255676919506,0.9935275080906149,2.7078017464045208,0.992,58,cbd_robustness,B_cbdslow_P2,16,P2,20,cbd_slow_service
2.6199118715871283,3.8996839922350546,0.9982698961937716,0.09013292699286408,0.16864152039697197,0.0,0,0.0,578,0,2.6027504317635177,1.0,2.6424276806357057,0.996,59,cbd_robustness,B_cbdslow_P2,17,P2,20,cbd_slow_service
2.732822262501477,4.618587024205347,0.9869918699186991,0.09868331580609352,0.20133423815677023,0.0,0,0.0,615,0,2.5707281695249615,1.0,2.933229504726987,0.9709090909090909,60,cbd_robustness,B_cbdslow_P2,18,P2,20,cbd_slow_service
2.712840494719299,4.193050674828597,0.9948453608247423,0.08992228977849524,0.1647892275589213,0.0,0,0.0,582,0,2.5560878577347133,1.0,2.9096926434906387,0.9883720930232558,61,cbd_robustness,B_cbdslow_P2,19,P2,20,cbd_slow_service
2.57071097241986,3.7341929471878093,1.0,0.09065983404580054,0.1603030400050005,0.0,0,0.0,583,0,2.4834327743664133,1.0,2.6853501928789503,1.0,62,cbd_robustness,B_cbdslow_P2,20,P2,20,cbd_slow_service
2.5582764454968356,3.739705059418739,0.9964093357271095,0.08823005384446331,0.13328284121653192,0.0,0,0.0,557,0,2.4798402220204365,1.0,2.658893404300577,0.9918032786885246,63,cbd_robustness,B_cbdslow_P2,21,P2,20,cbd_slow_service
2.657211878282034,3.990890276050635,0.993006993006993,0.09243783667553887,0.1678874539033704,0.0,0,0.0,572,0,2.578619669157027,0.9937106918238994,2.755606848761373,0.9921259842519685,64,cbd_robustness,B_cbdslow_P2,22,P2,20,cbd_slow_service
2.6590023907817706,3.9763356979302107,0.996551724137931,0.09468625735653269,0.18048932799613904,0.0,0,0.0,580,0,2.50385760050669,1.0,2.842143233437316,0.9924812030075187,65,cbd_robustness,B_cbdslow_P2,23,P2,20,cbd_slow_service
2.591313521245508,3.82154090674277,0.9949409780775716,0.09376800210338657,0.1613611871135585,0.0,0,0.0,593,0,2.5063870301503037,0.9969512195121951,2.6964300838086293,0.9924528301886792,66,cbd_robustness,B_cbdslow_P2,24,P2,20,cbd_slow_service
2.642270050771222,3.990978384743329,0.9966442953020134,0.09486146231407538,0.1505436796613001,0.0,0,0.0,596,0,2.5147622393097486,1.0,2.8175297916246413,0.9920318725099602,67,cbd_robustness,B_cbdslow_P2,25,P2,20,cbd_slow_service
2.6876202786693817,4.088856958222667,0.9930915371329879,0.09193851220905033,0.16500737628196246,0.0,0,0.0,579,0,2.520690441564438,1.0,2.918436843555231,0.9835390946502057,68,cbd_robustness,B_cbdslow_P2,26,P2,20,cbd_slow_service
2.571557732940889,3.8631627299244706,0.9963963963963964,0.08493045475677723,0.1358050289162072,0.0,0,0.0,555,0,2.4532736064209417,1.0,2.7302680799170207,0.9915611814345991,69,cbd_robustness,B_cbdslow_P2,27,P2,20,cbd_slow_service
2.6258987014094775,3.822690078964002,0.998220640569395,0.0878828885341987,0.1650043735321494,0.0,0,0.0,562,0,2.5440395130146043,1.0,2.7265984966571395,0.996031746031746,70,cbd_robustness,B_cbdslow_P2,28,P2,20,cbd_slow_service
2.6101395135403256,3.896823399961128,0.9982817869415808,0.09000000764203298,0.1685297271578894,0.0,0,0.0,582,0,2.5602457171557944,1.0,2.677335190929171,0.9959677419354839,71,cbd_robustness,B_cbdslow_P2,29,P2,20,cbd_slow_service
8.175453052479025,19.20212650772083,0.6539792387543253,0.08983544260469939,0.4927412815648287,0.0,0,0.0,578,0,2.986219845405159,1.0,15.080481110278928,0.1935483870967742,42,cbd_robustness,C_cbdonly_CBDONLY,0,CBD_ONLY,20,cbd_only
8.850228122964742,20.17593216693312,0.5951557093425606,0.0918948037078186,0.4984973562277176,0.0,0,0.0,578,0,2.9360394054286854,1.0,15.321550560268687,0.15217391304347827,43,cbd_robustness,C_cbdonly_CBDONLY,1,CBD_ONLY,20,cbd_only
8.497376766357208,20.000374998385116,0.6235093696763203,0.09465911431815041,0.5128291534710718,0.0,0,0.0,587,0,3.055493387248152,0.9969135802469136,15.201446024271025,0.1634980988593156,44,cbd_robustness,C_cbdonly_CBDONLY,2,CBD_ONLY,20,cbd_only
8.13466685375631,18.755734788897712,0.6327212020033389,0.09414436355697323,0.49532981381787633,0.0,0,0.0,599,0,2.9642745537741684,1.0,14.064865907499268,0.2114695340501792,45,cbd_robustness,C_cbdonly_CBDONLY,3,CBD_ONLY,20,cbd_only
8.473211270749907,20.29342597800502,0.6429809358752167,0.09068772611032419,0.48687109731104106,0.0,0,0.0,577,0,2.8753146998108123,1.0,15.5917962802512,0.1889763779527559,46,cbd_robustness,C_cbdonly_CBDONLY,4,CBD_ONLY,20,cbd_only
8.015196826692087,18.776778789351013,0.6471663619744058,0.08440897874497957,0.47871676346726905,0.0,0,0.0,547,0,3.058216956109148,0.996742671009772,14.35600024447943,0.2,47,cbd_robustness,C_cbdonly_CBDONLY,5,CBD_ONLY,20,cbd_only
8.376809714925978,19.939234946604927,0.6582064297800339,0.09405511931998285,0.5253628470026653,0.0,0,0.0,591,0,2.936486650835691,1.0,15.545235399374354,0.20784313725490197,48,cbd_robustness,C_cbdonly_CBDONLY,6,CBD_ONLY,20,cbd_only
8.629994666213308,20.309096399524265,0.6261343012704175,0.09021355866901537,0.4961244435880891,0.0,0,0.0,551,0,3.026181548796124,0.9967320261437909,15.629042886334364,0.16326530612244897,49,cbd_robustness,C_cbdonly_CBDONLY,7,CBD_ONLY,20,cbd_only
8.169656994323132,18.86035908244253,0.6572504708097928,0.0841653960754802,0.48740328089327695,0.0,0,0.0,531,0,2.96422416437632,1.0,15.140809330463355,0.19823788546255505,50,cbd_robustness,C_cbdonly_CBDONLY,8,CBD_ONLY,20,cbd_only
7.681564981557304,18.755734788898053,0.6696914700544465,0.08658508110288471,0.49433077542944526,0.0,0,0.0,551,0,2.995345965728802,1.0,14.221896738430996,0.20869565217391303,51,cbd_robustness,C_cbdonly_CBDONLY,9,CBD_ONLY,20,cbd_only
8.375564794882834,19.157007116431387,0.6282894736842105,0.09650986788674304,0.5224092554873753,0.0,0,0.0,608,0,3.035255912828506,1.0,15.06084035834344,0.16296296296296298,52,cbd_robustness,C_cbdonly_CBDONLY,10,CBD_ONLY,20,cbd_only
8.24643192770659,19.83891490543897,0.637137989778535,0.09364858171915029,0.49878480880994414,0.0,0,0.0,587,0,2.949264281749253,1.0,15.337461127075777,0.15139442231075698,53,cbd_robustness,C_cbdonly_CBDONLY,11,CBD_ONLY,20,cbd_only
8.635901722868727,19.817360829426832,0.588126159554731,0.08606210716781851,0.5025098729855739,0.0,0,0.0,539,0,2.9930810102554615,0.9964788732394366,14.92045498711252,0.13333333333333333,54,cbd_robustness,C_cbdonly_CBDONLY,12,CBD_ONLY,20,cbd_only
8.371204991898653,19.146235088032938,0.6219512195121951,0.09051815814490934,0.5114668555993551,0.0,0,0.0,574,0,2.931519734619176,0.9968051118210862,14.894658959440708,0.1724137931034483,55,cbd_robustness,C_cbdonly_CBDONLY,13,CBD_ONLY,20,cbd_only
8.21992866741956,19.473723776658574,0.638801261829653,0.10052110936847825,0.5013209666644453,0.0,0,0.0,634,0,3.007037561650865,1.0,14.685387247365892,0.19081272084805653,56,cbd_robustness,C_cbdonly_CBDONLY,14,CBD_ONLY,20,cbd_only
8.337962386424833,19.752217827429916,0.6666666666666666,0.08878754141048743,0.4930682361311243,0.0,0,0.0,573,0,2.9361983858111316,1.0,15.218780815778004,0.24206349206349206,57,cbd_robustness,C_cbdonly_CBDONLY,15,CBD_ONLY,20,cbd_only
8.3710466506674,19.473723776659234,0.6261510128913443,0.08604085915648958,0.5081401419553716,0.0,0,0.0,543,0,2.927445419826487,1.0,14.798431236479567,0.18473895582329317,58,cbd_robustness,C_cbdonly_CBDONLY,16,CBD_ONLY,20,cbd_only
8.069486601691903,18.86035908244253,0.6332179930795848,0.08991958772553162,0.5162046607710107,0.0,0,0.0,578,0,2.964652663707084,1.0,14.767028728327988,0.152,59,cbd_robustness,C_cbdonly_CBDONLY,17,CBD_ONLY,20,cbd_only
8.451962865914053,19.811972310424437,0.6341463414634146,0.0988347707764627,0.5194427510576463,0.0,0,0.0,615,0,3.0259537830231125,0.9970588235294118,15.160483186579215,0.18545454545454546,60,cbd_robustness,C_cbdonly_CBDONLY,18,CBD_ONLY,20,cbd_only
8.284370285479568,18.95212339232592,0.6371681415929203,0.08762582766824097,0.46713065073412896,0.0,0,0.0,565,0,3.024847659312903,0.9936507936507937,14.911368794449569,0.188,61,cbd_robustness,C_cbdonly_CBDONLY,19,CBD_ONLY,20,cbd_only
8.091765838659553,19.696519017276007,0.6500857632933105,0.09067149512954513,0.5181651263865066,0.0,0,0.0,583,0,2.9232562773617654,1.0,14.880562127507044,0.19047619047619047,62,cbd_robustness,C_cbdonly_CBDONLY,20,CBD_ONLY,20,cbd_only
8.74327979150702,19.81197231042478,0.5979202772963604,0.0927966933589935,0.5294710598162778,0.0,0,0.0,577,0,3.0282128778335586,1.0,14.680487115252593,0.18021201413427562,63,cbd_robustness,C_cbdonly_CBDONLY,21,CBD_ONLY,20,cbd_only
8.476385409503242,19.730609581897024,0.6328671328671329,0.09270421536300896,0.4799968176330471,0.0,0,0.0,572,0,3.0117993165152677,1.0,15.317875084976377,0.1732283464566929,64,cbd_robustness,C_cbdonly_CBDONLY,22,CBD_ONLY,20,cbd_only
8.503467823842879,20.322659929790223,0.6310344827586207,0.094855952674323,0.5088873668767457,0.0,0,0.0,580,0,2.892204193380932,1.0,15.127290304914498,0.19548872180451127,65,cbd_robustness,C_cbdonly_CBDONLY,23,CBD_ONLY,20,cbd_only
8.074052668139668,19.032284370900356,0.6470588235294118,0.09107960034338325,0.5153435269546975,0.0,0,0.0,578,0,2.9189782893079617,1.0,14.51288097788666,0.20622568093385213,66,cbd_robustness,C_cbdonly_CBDONLY,24,CBD_ONLY,20,cbd_only
8.298375549091572,20.130054939765444,0.6470588235294118,0.09466448616370113,0.5336796811066922,0.0,0,0.0,595,0,2.9120174338135447,1.0,15.191262945654257,0.19540229885057472,67,cbd_robustness,C_cbdonly_CBDONLY,25,CBD_ONLY,20,cbd_only
8.434830449009064,20.000374998384377,0.6427289048473968,0.08903384048314221,0.4635422635765436,0.0,0,0.0,557,0,3.0112247045049885,0.9969040247678018,15.921260600610847,0.15384615384615385,68,cbd_robustness,C_cbdonly_CBDONLY,26,CBD_ONLY,20,cbd_only
8.699034621812183,20.206516985045653,0.6152597402597403,0.09645551651508218,0.5651773441349858,0.0,0,0.0,616,0,2.906768462503624,0.9969879518072289,15.470275343257399,0.16901408450704225,69,cbd_robustness,C_cbdonly_CBDONLY,27,CBD_ONLY,20,cbd_only
8.696803619627811,21.26216966318765,0.6103202846975089,0.08936593846480274,0.5107664360633362,0.0,0,0.0,562,0,2.9899809128676065,1.0,15.717101393816952,0.13095238095238096,70,cbd_robustness,C_cbdonly_CBDONLY,28,CBD_ONLY,20,cbd_only
7.981589715940068,18.825322303310372,0.6540447504302926,0.08953425982740323,0.49920900406241986,0.0,0,0.0,581,0,2.934327971339006,0.9970059880239521,14.806631913092922,0.1902834008097166,71,cbd_robustness,C_cbdonly_CBDONLY,29,CBD_ONLY,20,cbd_only
8.175453052479025,19.20212650772083,0.6539792387543253,0.08983544260469939,0.4927412815648287,0.0,0,0.0,578,0,2.986219845405159,1.0,15.080481110278928,0.1935483870967742,42,cbd_robustness,D_mixed_MIXED,0,MIXED,20,mixed
8.850228122964742,20.17593216693312,0.5951557093425606,0.0918948037078186,0.4984973562277176,0.0,0,0.0,578,0,2.9360394054286854,1.0,15.321550560268687,0.15217391304347827,43,cbd_robustness,D_mixed_MIXED,1,MIXED,20,mixed
8.497376766357208,20.000374998385116,0.6235093696763203,0.09465911431815041,0.5128291534710718,0.0,0,0.0,587,0,3.055493387248152,0.9969135802469136,15.201446024271025,0.1634980988593156,44,cbd_robustness,D_mixed_MIXED,2,MIXED,20,mixed
8.13466685375631,18.755734788897712,0.6327212020033389,0.09414436355697323,0.49532981381787633,0.0,0,0.0,599,0,2.9642745537741684,1.0,14.064865907499268,0.2114695340501792,45,cbd_robustness,D_mixed_MIXED,3,MIXED,20,mixed
8.473211270749907,20.29342597800502,0.6429809358752167,0.09068772611032419,0.48687109731104106,0.0,0,0.0,577,0,2.8753146998108123,1.0,15.5917962802512,0.1889763779527559,46,cbd_robustness,D_mixed_MIXED,4,MIXED,20,mixed
8.015196826692087,18.776778789351013,0.6471663619744058,0.08440897874497957,0.47871676346726905,0.0,0,0.0,547,0,3.058216956109148,0.996742671009772,14.35600024447943,0.2,47,cbd_robustness,D_mixed_MIXED,5,MIXED,20,mixed
8.376809714925978,19.939234946604927,0.6582064297800339,0.09405511931998285,0.5253628470026653,0.0,0,0.0,591,0,2.936486650835691,1.0,15.545235399374354,0.20784313725490197,48,cbd_robustness,D_mixed_MIXED,6,MIXED,20,mixed
8.629994666213308,20.309096399524265,0.6261343012704175,0.09021355866901537,0.4961244435880891,0.0,0,0.0,551,0,3.026181548796124,0.9967320261437909,15.629042886334364,0.16326530612244897,49,cbd_robustness,D_mixed_MIXED,7,MIXED,20,mixed
8.169656994323132,18.86035908244253,0.6572504708097928,0.0841653960754802,0.48740328089327695,0.0,0,0.0,531,0,2.96422416437632,1.0,15.140809330463355,0.19823788546255505,50,cbd_robustness,D_mixed_MIXED,8,MIXED,20,mixed
7.681564981557304,18.755734788898053,0.6696914700544465,0.08658508110288471,0.49433077542944526,0.0,0,0.0,551,0,2.995345965728802,1.0,14.221896738430996,0.20869565217391303,51,cbd_robustness,D_mixed_MIXED,9,MIXED,20,mixed
8.375564794882834,19.157007116431387,0.6282894736842105,0.09650986788674304,0.5224092554873753,0.0,0,0.0,608,0,3.035255912828506,1.0,15.06084035834344,0.16296296296296298,52,cbd_robustness,D_mixed_MIXED,10,MIXED,20,mixed
8.24643192770659,19.83891490543897,0.637137989778535,0.09364858171915029,0.49878480880994414,0.0,0,0.0,587,0,2.949264281749253,1.0,15.337461127075777,0.15139442231075698,53,cbd_robustness,D_mixed_MIXED,11,MIXED,20,mixed
8.635901722868727,19.817360829426832,0.588126159554731,0.08606210716781851,0.5025098729855739,0.0,0,0.0,539,0,2.9930810102554615,0.9964788732394366,14.92045498711252,0.13333333333333333,54,cbd_robustness,D_mixed_MIXED,12,MIXED,20,mixed
8.371204991898653,19.146235088032938,0.6219512195121951,0.09051815814490934,0.5114668555993551,0.0,0,0.0,574,0,2.931519734619176,0.9968051118210862,14.894658959440708,0.1724137931034483,55,cbd_robustness,D_mixed_MIXED,13,MIXED,20,mixed
8.21992866741956,19.473723776658574,0.638801261829653,0.10052110936847825,0.5013209666644453,0.0,0,0.0,634,0,3.007037561650865,1.0,14.685387247365892,0.19081272084805653,56,cbd_robustness,D_mixed_MIXED,14,MIXED,20,mixed
8.337962386424833,19.752217827429916,0.6666666666666666,0.08878754141048743,0.4930682361311243,0.0,0,0.0,573,0,2.9361983858111316,1.0,15.218780815778004,0.24206349206349206,57,cbd_robustness,D_mixed_MIXED,15,MIXED,20,mixed
8.3710466506674,19.473723776659234,0.6261510128913443,0.08604085915648958,0.5081401419553716,0.0,0,0.0,543,0,2.927445419826487,1.0,14.798431236479567,0.18473895582329317,58,cbd_robustness,D_mixed_MIXED,16,MIXED,20,mixed
8.069486601691903,18.86035908244253,0.6332179930795848,0.08991958772553162,0.5162046607710107,0.0,0,0.0,578,0,2.964652663707084,1.0,14.767028728327988,0.152,59,cbd_robustness,D_mixed_MIXED,17,MIXED,20,mixed
8.451962865914053,19.811972310424437,0.6341463414634146,0.0988347707764627,0.5194427510576463,0.0,0,0.0,615,0,3.0259537830231125,0.9970588235294118,15.160483186579215,0.18545454545454546,60,cbd_robustness,D_mixed_MIXED,18,MIXED,20,mixed
8.284370285479568,18.95212339232592,0.6371681415929203,0.08762582766824097,0.46713065073412896,0.0,0,0.0,565,0,3.024847659312903,0.9936507936507937,14.911368794449569,0.188,61,cbd_robustness,D_mixed_MIXED,19,MIXED,20,mixed
8.091765838659553,19.696519017276007,0.6500857632933105,0.09067149512954513,0.5181651263865066,0.0,0,0.0,583,0,2.9232562773617654,1.0,14.880562127507044,0.19047619047619047,62,cbd_robustness,D_mixed_MIXED,20,MIXED,20,mixed
8.74327979150702,19.81197231042478,0.5979202772963604,0.0927966933589935,0.5294710598162778,0.0,0,0.0,577,0,3.0282128778335586,1.0,14.680487115252593,0.18021201413427562,63,cbd_robustness,D_mixed_MIXED,21,MIXED,20,mixed
8.476385409503242,19.730609581897024,0.6328671328671329,0.09270421536300896,0.4799968176330471,0.0,0,0.0,572,0,3.0117993165152677,1.0,15.317875084976377,0.1732283464566929,64,cbd_robustness,D_mixed_MIXED,22,MIXED,20,mixed
8.503467823842879,20.322659929790223,0.6310344827586207,0.094855952674323,0.5088873668767457,0.0,0,0.0,580,0,2.892204193380932,1.0,15.127290304914498,0.19548872180451127,65,cbd_robustness,D_mixed_MIXED,23,MIXED,20,mixed
8.074052668139668,19.032284370900356,0.6470588235294118,0.09107960034338325,0.5153435269546975,0.0,0,0.0,578,0,2.9189782893079617,1.0,14.51288097788666,0.20622568093385213,66,cbd_robustness,D_mixed_MIXED,24,MIXED,20,mixed
8.298375549091572,20.130054939765444,0.6470588235294118,0.09466448616370113,0.5336796811066922,0.0,0,0.0,595,0,2.9120174338135447,1.0,15.191262945654257,0.19540229885057472,67,cbd_robustness,D_mixed_MIXED,25,MIXED,20,mixed
8.434830449009064,20.000374998384377,0.6427289048473968,0.08903384048314221,0.4635422635765436,0.0,0,0.0,557,0,3.0112247045049885,0.9969040247678018,15.921260600610847,0.15384615384615385,68,cbd_robustness,D_mixed_MIXED,26,MIXED,20,mixed
8.699034621812183,20.206516985045653,0.6152597402597403,0.09645551651508218,0.5651773441349858,0.0,0,0.0,616,0,2.906768462503624,0.9969879518072289,15.470275343257399,0.16901408450704225,69,cbd_robustness,D_mixed_MIXED,27,MIXED,20,mixed
8.696803619627811,21.26216966318765,0.6103202846975089,0.08936593846480274,0.5107664360633362,0.0,0,0.0,562,0,2.9899809128676065,1.0,15.717101393816952,0.13095238095238096,70,cbd_robustness,D_mixed_MIXED,28,MIXED,20,mixed
7.981589715940068,18.825322303310372,0.6540447504302926,0.08953425982740323,0.49920900406241986,0.0,0,0.0,581,0,2.934327971339006,0.9970059880239521,14.806631913092922,0.1902834008097166,71,cbd_robustness,D_mixed_MIXED,29,MIXED,20,mixed
7.91638123756529,19.189366805509117,0.6608996539792388,0.08909266726233762,0.4806791314849758,0.0,0,0.0,578,0,2.738184112337073,1.0,14.806724186457677,0.20967741935483872,42,cbd_robustness,E_baseline_P0,0,P0,20,baseline
8.629023946412504,20.17593216693312,0.6055363321799307,0.09126059728893379,0.4879212475034964,0.0,0,0.0,578,0,2.7413275215737567,1.0,15.0713584402578,0.17391304347826086,43,cbd_robustness,E_baseline_P0,1,P0,20,baseline
8.232826197896168,19.964522308588148,0.6337308347529813,0.09388882074827631,0.5075909540950263,0.0,0,0.0,587,0,2.7951386895450954,0.9969135802469136,14.931726398298254,0.18631178707224336,44,cbd_robustness,E_baseline_P0,2,P0,20,baseline
7.881679554135161,18.71910905124415,0.6427378964941569,0.09339268006256317,0.48790170743179606,0.0,0,0.0,599,0,2.7654781457129793,1.0,13.749724180282463,0.23297491039426524,45,cbd_robustness,E_baseline_P0,3,P0,20,baseline
8.20545239745568,20.29342597800502,0.6499133448873483,0.08992137258904062,0.48429745345292907,0.0,0,0.0,577,0,2.6194992164237623,1.0,15.30884955286241,0.2047244094488189,46,cbd_robustness,E_baseline_P0,4,P0,20,baseline
7.6901308450175385,18.776778789351013,0.6636197440585009,0.08352697928081296,0.47426221351239045,0.0,0,0.0,547,0,2.7252696105490006,0.996742671009772,14.041015840775207,0.2375,47,cbd_robustness,E_baseline_P0,5,P0,20,baseline
8.114221291771056,19.939234946604927,0.6683587140439933,0.09328532885329358,0.513590774941837,0.0,0,0.0,591,0,2.7005075966742056,1.0,15.247585219428084,0.23137254901960785,48,cbd_robustness,E_baseline_P0,6,P0,20,baseline
8.360150381477654,20.309096399524265,0.6388384754990926,0.08947603783127063,0.4855497536953226,0.0,0,0.0,551,0,2.7773149108827466,0.9967320261437909,15.332997948832922,0.19183673469387755,49,cbd_robustness,E_baseline_P0,7,P0,20,baseline
7.877215715004999,18.86035908244253,0.6685499058380414,0.08339512663441903,0.47810893579721075,0.0,0,0.0,531,0,2.669619093605733,1.0,14.851265815909743,0.22466960352422907,50,cbd_robustness,E_baseline_P0,8,P0,20,baseline
7.409188332432177,18.755734788897627,0.6751361161524501,0.08584063897159533,0.4870197604901194,0.0,0,0.0,551,0,2.724604542512887,1.0,13.947237882710837,0.2217391304347826,51,cbd_robustness,E_baseline_P0,9,P0,20,baseline
8.09506596107472,19.059122432993824,0.6447368421052632,0.09566391902287733,0.5165688308604862,0.0,0,0.0,608,0,2.7703005675605468,1.0,14.760883379622092,0.2,52,cbd_robustness,E_baseline_P0,10,P0,20,baseline
8.014942030115279,19.585121396967615,0.6473594548551959,0.09297455111455652,0.4868980486468852,0.0,0,0.0,587,0,2.7488080745291503,1.0,15.064428122055274,0.1752988047808765,53,cbd_robustness,E_baseline_P0,11,P0,20,baseline
8.361913193073589,19.752217827429916,0.5955473098330241,0.08532956839024124,0.4915590438341945,0.0,0,0.0,539,0,2.7450793427287725,0.9964788732394366,14.6175242263988,0.14901960784313725,54,cbd_robustness,E_baseline_P0,12,P0,20,baseline
8.110911013816072,19.0986429915297,0.632404181184669,0.08977704334620204,0.5139258268430197,0.0,0,0.0,574,0,2.705512980996382,0.9968051118210862,14.593246585741602,0.19540229885057472,55,cbd_robustness,E_baseline_P0,13,P0,20,baseline
7.978613171168219,19.189366805509565,0.6466876971608833,0.09976221043681481,0.5038142153362405,0.0,0,0.0,634,0,2.7557099318730174,1.0,14.456489626972512,0.20848056537102475,56,cbd_robustness,E_baseline_P0,14,P0,20,baseline
8.07816816036739,19.189366805508946,0.6684118673647469,0.0880491381786873,0.4790524364821204,0.0,0,0.0,573,0,2.7123605245609457,1.0,14.9131850297875,0.24603174603174602,57,cbd_robustness,E_baseline_P0,15,P0,20,baseline
8.107124485788317,19.189366805508712,0.6335174953959485,0.0853299973731099,0.49609913040484,0.0,0,0.0,543,0,2.6755035375195644,1.0,14.520363677720093,0.20080321285140562,58,cbd_robustness,E_baseline_P0,16,P0,20,baseline
7.801258464683905,18.776778789351738,0.643598615916955,0.0891505606263718,0.5076039626103444,0.0,0,0.0,578,0,2.7582553644078303,1.0,14.417678532246116,0.176,59,cbd_robustness,E_baseline_P0,17,P0,20,baseline
8.15603679428459,19.473723776659085,0.6422764227642277,0.09793202011152163,0.522236762552724,0.0,0,0.0,615,0,2.7111941957987074,0.9970588235294118,14.88784218877623,0.20363636363636364,60,cbd_robustness,E_baseline_P0,18,P0,20,baseline
8.04307470174997,18.826926965206216,0.6424778761061947,0.08694957764439562,0.4511897849189459,0.0,0,0.0,565,0,2.8053373310369083,0.9936507936507937,14.642623788848429,0.2,61,cbd_robustness,E_baseline_P0,19,P0,20,baseline
7.822900870551085,19.473723776658574,0.660377358490566,0.08989397391720773,0.5096636073745362,0.0,0,0.0,583,0,2.6831900357228404,1.0,14.573870260742154,0.21428571428571427,62,cbd_robustness,E_baseline_P0,20,P0,20,baseline
8.483144752757864,19.473723776658574,0.608318890814558,0.09205216003876411,0.524275868280944,0.0,0,0.0,577,0,2.7683416181438805,1.0,14.420078044547656,0.20141342756183744,63,cbd_robustness,E_baseline_P0,21,P0,20,baseline
8.198114201541404,19.52989421255333,0.6346153846153846,0.09191467602295852,0.4615257046314297,0.0,0,0.0,572,0,2.7280089299336083,1.0,15.046513714814154,0.17716535433070865,64,cbd_robustness,E_baseline_P0,22,P0,20,baseline
8.275342260248024,20.322659929790223,0.6362068965517241,0.09419963904890132,0.5197935091127531,0.0,0,0.0,580,0,2.6901998170175343,1.0,14.868329956392282,0.20676691729323307,65,cbd_robustness,E_baseline_P0,23,P0,20,baseline
7.817818272377842,18.909920161087243,0.6643598615916955,0.0903449600618836,0.5000524890324375,0.0,0,0.0,578,0,2.723927805404999,1.0,14.180226209725245,0.245136186770428,66,cbd_robustness,E_baseline_P0,24,P0,20,baseline
8.05969266953137,20.130054939764932,0.6621848739495798,0.0939600401649992,0.5175356605810153,0.0,0,0.0,595,0,2.709921286240032,1.0,14.905760263475077,0.22988505747126436,67,cbd_robustness,E_baseline_P0,25,P0,20,baseline
8.156307837669374,19.964522308587664,0.6499102333931778,0.08826431124447057,0.45462207608416333,0.0,0,0.0,557,0,2.764302778035311,0.9969040247678018,15.59911824049759,0.17094017094017094,68,cbd_robustness,E_baseline_P0,26,P0,20,baseline
8.447909748463942,20.13005493976536,0.6217532467532467,0.09568819051318486,0.5586009716668643,0.0,0,0.0,616,0,2.6945551084810293,0.9939759036144579,15.17366235576791,0.18661971830985916,69,cbd_robustness,E_baseline_P0,27,P0,20,baseline
8.432104386208367,21.154916675896448,0.6192170818505338,0.08862803683195691,0.4979886227587851,0.0,0,0.0,562,0,2.7725548518762664,1.0,15.39424865463278,0.15079365079365079,70,cbd_robustness,E_baseline_P0,28,P0,20,baseline
7.716831799882599,18.02416996901144,0.6695352839931153,0.08877124222209871,0.48518157776106335,0.0,0,0.0,581,0,2.719850952373689,0.9970059880239521,14.473882824449301,0.22672064777327935,71,cbd_robustness,E_baseline_P0,29,P0,20,baseline
2.5702551700188883,3.899683992234202,0.9965397923875432,0.07376498439010622,0.13339685105575128,0.0,0,0.0,578,0,2.4287735150598073,1.0,2.758517049601536,0.9919354838709677,42,cbd_robustness,E_baseline_P1,0,P1,20,baseline
2.5800943217542347,3.8996839922350546,0.9962616822429906,0.069147763576998,0.1285284649704123,0.0,0,0.0,535,0,2.400337955775162,0.9967845659163987,2.8296667763055363,0.9955357142857143,43,cbd_robustness,E_baseline_P1,1,P1,20,baseline
2.6510022126516026,4.049112206496375,0.9964601769911504,0.07459200946704733,0.1283814557648497,0.0,0,0.0,565,0,2.4756496853354593,1.0,2.8735379501291174,0.9919678714859438,44,cbd_robustness,E_baseline_P1,2,P1,20,baseline
2.623824950949695,3.9989199396492836,0.998330550918197,0.07777038389536017,0.17863934984022284,0.0,0,0.0,599,0,2.479064024778488,1.0,2.789858988135309,0.996415770609319,45,cbd_robustness,E_baseline_P1,3,P1,20,baseline
2.594902223786793,3.8996839922350546,0.9948006932409013,0.07386339912571241,0.13412960174610664,0.0,0,0.0,577,0,2.390989950763724,1.0,2.8542079883003812,0.9881889763779528,46,cbd_robustness,E_baseline_P1,4,P1,20,baseline
2.5719664699837947,3.9909607630051482,0.9981718464351006,0.0696398963783156,0.12224484141034882,0.0,0,0.0,547,0,2.417242347562497,1.0,2.7698844099143725,0.9958333333333333,47,cbd_robustness,E_baseline_P1,5,P1,20,baseline
2.5605744088962927,3.8996839922350546,0.9981684981684982,0.07118340219346284,0.14254070842244126,0.0,0,0.0,546,0,2.3497964122548667,1.0,2.845851525040292,0.9956896551724138,48,cbd_robustness,E_baseline_P1,6,P1,20,baseline
2.7018544553018606,4.421181954049229,0.9930313588850174,0.07705314284877995,0.13188937865692066,0.0,0,0.0,574,0,2.432219829604915,1.0,3.0588201338561163,0.9838056680161943,49,cbd_robustness,E_baseline_P1,7,P1,20,baseline
2.642868147402826,3.9989199396492836,0.9930434782608696,0.0759134470343245,0.15423003648230876,0.0,0,0.0,575,0,2.4161126642237227,1.0,2.968588947393148,0.9830508474576272,50,cbd_robustness,E_baseline_P1,8,P1,20,baseline
2.615780997404854,3.8996839922350546,0.9983361064891847,0.07919228614153888,0.14837365433177008,0.0,0,0.0,601,0,2.487825515421697,1.0,2.7791181088757777,0.9962121212121212,51,cbd_robustness,E_baseline_P1,9,P1,20,baseline
2.5819376680826926,3.9796229138392767,0.9967105263157895,0.07904074010190995,0.1386942599905052,0.0,0,0.0,608,0,2.450063390765297,0.9970845481049563,2.752627770421813,0.9962264150943396,52,cbd_robustness,E_baseline_P1,10,P1,20,baseline
2.7095780972555206,4.050095804546743,0.9982964224872232,0.07752688926639834,0.12455643071477777,0.0,0,0.0,587,0,2.587690812767452,1.0,2.8727419521877566,0.9960159362549801,53,cbd_robustness,E_baseline_P1,11,P1,20,baseline
2.5694651915005546,3.861775172045952,0.9944341372912802,0.06984281505270212,0.1431443228964786,0.0,0,0.0,539,0,2.3730660024229575,1.0,2.788199974630114,0.9882352941176471,54,cbd_robustness,E_baseline_P1,12,P1,20,baseline
2.6621672210482674,3.9906586909659154,0.9947735191637631,0.07426325893623813,0.14899497272668416,0.0,0,0.0,574,0,2.4078032520485664,1.0,2.9672090689291344,0.9885057471264368,55,cbd_robustness,E_baseline_P1,13,P1,20,baseline
2.6146142642353922,4.0089583930186,1.0,0.07499574526310776,0.15924061368415657,0.0,0,0.0,569,0,2.466681034143676,1.0,2.792936878803315,1.0,56,cbd_robustness,E_baseline_P1,14,P1,20,baseline
2.6449366134086514,3.9910312499602583,1.0,0.07260647113301583,0.12118797732003303,0.0,0,0.0,573,0,2.4576907606069427,1.0,2.8834521640013047,1.0,57,cbd_robustness,E_baseline_P1,15,P1,20,baseline
2.637468979557701,3.991165422498341,0.9928443649373881,0.07260663681560323,0.11883365561248482,0.0,0,0.0,559,0,2.4424499314311046,0.9935275080906149,2.878512523042174,0.992,58,cbd_robustness,E_baseline_P1,16,P1,20,baseline
2.6568545658353377,4.049112206496375,0.9948096885813149,0.07440122801955389,0.13789385633938325,0.0,0,0.0,578,0,2.486471241617705,1.0,2.8803974872088713,0.988,59,cbd_robustness,E_baseline_P1,17,P1,20,baseline
2.625193748335042,3.9544077625239447,0.9886178861788618,0.08105965665289566,0.15718083806479563,0.0,0,0.0,615,0,2.457587149276665,1.0,2.832416452625399,0.9745454545454545,60,cbd_robustness,E_baseline_P1,18,P1,20,baseline
2.706906008550725,4.339407559808647,0.993127147766323,0.07415885042558155,0.14330885909363963,0.0,0,0.0,582,0,2.4399826510043954,1.0,3.0421120854693715,0.9844961240310077,61,cbd_robustness,E_baseline_P1,19,P1,20,baseline
2.604138025824167,3.8996839922350546,0.9982876712328768,0.07496082019092976,0.13260008698939527,0.0,0,0.0,584,0,2.403720290355554,1.0,2.8663446283542493,0.9960474308300395,62,cbd_robustness,E_baseline_P1,20,P1,20,baseline
2.6483934578161814,4.013977619703468,0.9946236559139785,0.07305961703992188,0.12629624984820495,0.0,0,0.0,558,0,2.427858655745585,1.0,2.930137919236984,0.9877551020408163,63,cbd_robustness,E_baseline_P1,21,P1,20,baseline
2.661263161093198,4.264688162250391,0.9965034965034965,0.0762049597772423,0.13958753859867923,0.0,0,0.0,572,0,2.4805881400389005,0.9968553459119497,2.8874625969013343,0.9960629921259843,64,cbd_robustness,E_baseline_P1,22,P1,20,baseline
2.701884342202165,4.224408604437885,0.993103448275862,0.07816488908626923,0.1448480219751551,0.0,0,0.0,580,0,2.4591905622120938,1.0,2.9883724885062346,0.9849624060150376,65,cbd_robustness,E_baseline_P1,23,P1,20,baseline
2.6385914752162374,3.9910312499594056,0.9949409780775716,0.07740697989801533,0.133598005614849,0.0,0,0.0,593,0,2.443627126218244,0.9969512195121951,2.879905839259037,0.9924528301886792,66,cbd_robustness,E_baseline_P1,24,P1,20,baseline
2.6680220502853795,4.273661695829105,0.9966442953020134,0.0782686789972781,0.12784455069197997,0.0,0,0.0,596,0,2.46462597726742,1.0,2.947590357820025,0.9920318725099602,67,cbd_robustness,E_baseline_P1,25,P1,20,baseline
2.678697025030508,4.193763102081623,0.9930915371329879,0.07578272587760854,0.1359850190242077,0.0,0,0.0,579,0,2.4284123786581326,1.0,3.0247696224836687,0.9835390946502057,68,cbd_robustness,E_baseline_P1,26,P1,20,baseline
2.558512105172617,3.8083808364595484,0.9963963963963964,0.06995730513192414,0.1217936810642451,0.0,0,0.0,555,0,2.3793087706492067,1.0,2.7989621489635232,0.9915611814345991,69,cbd_robustness,E_baseline_P1,27,P1,20,baseline
2.6327021489128573,4.049112206496311,0.998220640569395,0.0724610524204485,0.13853070423997502,0.0,0,0.0,562,0,2.438139987645043,1.0,2.872044490155009,0.996031746031746,70,cbd_robustness,E_baseline_P1,28,P1,20,baseline
2.706920075213241,4.049112206496375,0.9946714031971581,0.07175000939043898,0.13916241353910355,0.0,0,0.0,563,0,2.477711144250884,1.0,2.993889656778114,0.988,71,cbd_robustness,E_baseline_P1,29,P1,20,baseline
2.552805619911655,3.6685460304140465,0.9948096885813149,0.07371495542204085,0.13588365282662923,0.0,0,0.0,578,0,2.4612621970419353,1.0,2.6746174326012007,0.9879032258064516,42,cbd_robustness,E_baseline_P2,0,P2,20,baseline
2.5739890273119186,3.80342247081785,0.9962616822429906,0.06913156153073488,0.1143599719096455,0.0,0,0.0,535,0,2.4301857645744587,0.9967845659163987,2.7736444501304467,0.9955357142857143,43,cbd_robustness,E_baseline_P2,1,P2,20,baseline
2.547242371317342,3.642262072306721,0.9964601769911504,0.07430121427680002,0.1283814557648497,0.0,0,0.0,565,0,2.4908835223976484,1.0,2.618766051070848,0.9919678714859438,44,cbd_robustness,E_baseline_P2,2,P2,20,baseline
2.592301775455864,3.8083808364595484,0.998330550918197,0.07767672128563397,0.18267805890680008,0.0,0,0.0,599,0,2.523695111748425,1.0,2.67099042200203,0.996415770609319,45,cbd_robustness,E_baseline_P2,3,P2,20,baseline
2.533630256259157,3.7651920239786123,0.9948006932409013,0.07368803243293741,0.13412960174610664,0.0,0,0.0,577,0,2.4281801829679743,1.0,2.6677262156018817,0.9881889763779528,46,cbd_robustness,E_baseline_P2,4,P2,20,baseline
2.5445787305678667,3.7499007222410805,0.9981718464351006,0.0695655853988488,0.12224484141034882,0.0,0,0.0,547,0,2.4655664535195707,1.0,2.6456486016254797,0.9958333333333333,47,cbd_robustness,E_baseline_P2,5,P2,20,baseline
2.462849216995026,3.5342811317630662,0.9981684981684982,0.07091872979873028,0.1386115896335855,0.0,0,0.0,546,0,2.3934995348891612,1.0,2.5567104246727914,0.9956896551724138,48,cbd_robustness,E_baseline_P2,6,P2,20,baseline
2.5602938219368268,3.791953994514552,0.9947735191637631,0.07665008826767118,0.12381776874481852,0.0,0,0.0,574,0,2.4764923834562462,1.0,2.671237426726908,0.9878542510121457,49,cbd_robustness,E_baseline_P2,7,P2,20,baseline
2.5741087774429063,3.80342247081785,0.9947826086956522,0.07571733275988528,0.15668107553722935,0.0,0,0.0,575,0,2.4860907719209044,1.0,2.700541420968154,0.9872881355932204,50,cbd_robustness,E_baseline_P2,8,P2,20,baseline
2.5753181823524116,3.7397050594186965,0.9983361064891847,0.07907166038833197,0.14837365433177008,0.0,0,0.0,601,0,2.527178409478143,1.0,2.6367693318169136,0.9962121212121212,51,cbd_robustness,E_baseline_P2,9,P2,20,baseline
2.5213164106511514,3.739705059418398,0.9967105263157895,0.07885791408743388,0.14274585383701893,0.0,0,0.0,608,0,2.5183874228886873,0.9970845481049563,2.5251075155663405,0.9962264150943396,52,cbd_robustness,E_baseline_P2,10,P2,20,baseline
2.6731002005828133,3.8996839922350546,0.9982964224872232,0.07742067634305072,0.1283960693140899,0.0,0,0.0,587,0,2.620819194764936,1.0,2.7430859294864267,0.9960159362549801,53,cbd_robustness,E_baseline_P2,11,P2,20,baseline
2.5581086415692824,3.649860972763179,0.9944341372912802,0.06981245205462197,0.1431443228964786,0.0,0,0.0,539,0,2.4017100824229356,1.0,2.732293703520508,0.9882352941176471,54,cbd_robustness,E_baseline_P2,12,P2,20,baseline
2.6030355528270834,3.739705059418995,0.9947735191637631,0.07409489793644167,0.14899497272668416,0.0,0,0.0,574,0,2.4102959628028513,1.0,2.8341753676837302,0.9885057471264368,55,cbd_robustness,E_baseline_P2,13,P2,20,baseline
2.5616045537962386,3.8044141439461896,0.9982425307557118,0.07484612956251313,0.15686111333018102,0.0,0,0.0,569,0,2.5069187142956744,1.0,2.627524306062423,0.9961240310077519,56,cbd_robustness,E_baseline_P2,14,P2,20,baseline
2.543224329854867,3.666693689145576,1.0,0.07231737818422455,0.12747004336665502,0.0,0,0.0,573,0,2.5162534383711446,1.0,2.5775801082924654,1.0,57,cbd_robustness,E_baseline_P2,15,P2,20,baseline
2.562941413420472,3.80342247081785,0.9928443649373881,0.07239998547894297,0.1206648139608818,0.0,0,0.0,559,0,2.486252101039246,0.9935275080906149,2.657729403523667,0.992,58,cbd_robustness,E_baseline_P2,16,P2,20,baseline
2.5577019361069153,3.747351806535592,0.9982698961937716,0.07411695113471746,0.14094834337030623,0.0,0,0.0,578,0,2.537344698687676,1.0,2.584410631600958,0.996,59,cbd_robustness,E_baseline_P2,17,P2,20,baseline
2.644512522400684,3.9909960064825327,0.9886178861788618,0.08111859041306616,0.16881458496408255,0.0,0,0.0,615,0,2.526463833902044,1.0,2.7904636281808206,0.9745454545454545,60,cbd_robustness,E_baseline_P2,18,P2,20,baseline
2.644413845852917,3.967215069548258,0.9948453608247423,0.07397844150350753,0.1434565133458445,0.0,0,0.0,582,0,2.4887629528621993,1.0,2.839882409143586,0.9883720930232558,61,cbd_robustness,E_baseline_P2,19,P2,20,baseline
2.539626500528394,3.642262072306721,1.0,0.07477394156606504,0.13260008698939527,0.0,0,0.0,584,0,2.4715990349320034,1.0,2.6286268606564787,1.0,62,cbd_robustness,E_baseline_P2,20,P2,20,baseline
2.52489638128209,3.642262072306721,0.996415770609319,0.07271779477451504,0.10710461012216113,0.0,0,0.0,558,0,2.4510330294841154,1.0,2.6192605817423584,0.9918367346938776,63,cbd_robustness,E_baseline_P2,21,P2,20,baseline
2.6029755755560973,3.739705059419091,0.9947552447552448,0.07603958031827793,0.13958753859867923,0.0,0,0.0,572,0,2.5127460778701964,0.9968553459119497,2.7159400647849017,0.9921259842519685,64,cbd_robustness,E_baseline_P2,22,P2,20,baseline
2.6117434283259393,3.8965646468411634,0.996551724137931,0.0779055551078555,0.14868659595376538,0.0,0,0.0,580,0,2.496338823036268,1.0,2.747972924795702,0.9924812030075187,65,cbd_robustness,E_baseline_P2,23,P2,20,baseline
2.5573659130640465,3.739705059419123,0.9949409780775716,0.07716805748553394,0.13388118715978797,0.0,0,0.0,593,0,2.46798565493457,0.9969512195121951,2.6679950627488322,0.9924528301886792,66,cbd_robustness,E_baseline_P2,24,P2,20,baseline
2.60127466693055,3.8996839922350546,0.9966442953020134,0.07807135042347119,0.12463840409967614,0.0,0,0.0,596,0,2.486137387064445,1.0,2.759531087463642,0.9920318725099602,67,cbd_robustness,E_baseline_P2,25,P2,20,baseline
2.641955728978906,3.9908902760507203,0.9930915371329879,0.07567720400055553,0.14473171857318276,0.0,0,0.0,579,0,2.4871021136129166,1.0,2.8560743082503963,0.9835390946502057,68,cbd_robustness,E_baseline_P2,26,P2,20,baseline
2.5299520563197,3.642262072306721,0.9963963963963964,0.06987867999743325,0.11893390492775868,0.0,0,0.0,555,0,2.434928024730252,1.0,2.657452655667568,0.9915611814345991,69,cbd_robustness,E_baseline_P2,27,P2,20,baseline
2.560466783430418,3.6498609727630082,0.998220640569395,0.07225968200675241,0.14044378535433882,0.0,0,0.0,562,0,2.4660117763448843,1.0,2.676661435003891,0.996031746031746,70,cbd_robustness,E_baseline_P2,28,P2,20,baseline
2.5491376280616884,3.642262072306721,0.9982817869415808,0.07400941186512541,0.1392375482723382,0.0,0,0.0,582,0,2.492751621802786,1.0,2.625076846168436,0.9959677419354839,71,cbd_robustness,E_baseline_P2,29,P2,20,baseline
